Payments to suppliers over £500 - January 2026,,,,,,,,
,,,,,,,,
Body Name,Service Label,Cost Centre,Expenditure Category,Account,Accounting Date,System Reference,Line Amount SUM,Vendor Name
Norwich City Council,Building Rents,643020,Off Street Car Parks,A30000,01/01/2026,21042517,"7,500.00",NORFOLK COUNTY COUNCIL
Norwich City Council,Connection Charges,321025,IT Infrastructure,A41500,01/01/2026,21042952,"4,548.48",WAVENET LIMITED
Norwich City Council,Grants - Hardship,710020,Head of Housing,A45500,01/01/2026,21042615,"3,211.00",REDACTED COMMERCIAL CONFIDENTIALITY
Norwich City Council,Other Hired & Contracting Services,431080,Integrated Waste Management,A51200,01/01/2026,21042508,778.25,PHS GROUP PLC
Norwich City Council,Other Hired & Contracting Services,431020,Street Cleansing,A51200,01/01/2026,21042514,"2,125.83",IGENIX LTD T/A ANIMAL WARDEN SERVICES
Norwich City Council,Projects,610010,Economic Development Unit,A49300,01/01/2026,21045048,"1,220.00",NORFOLK CHAMBER OF COMMERCE & INDUSTRY
Norwich City Council,New Constructn/Convrsn/Renovtn,X90080,Property & Economic Development GF Capital,C10100,02/01/2026,21043814,"2,500.00",4D GEO LIMITED
Norwich City Council,Other Hired & Contracting Services,515010,NNDR Admin,A51200,02/01/2026,21043082,"1,200.00",INFORM HOLDINGS LIMITED
Norwich City Council,Staff Training Expenses,710020,Head of Housing,A10800,02/01/2026,21042943,"3,150.00",IMPACT ASSOCIATES LTD
Norwich City Council,Subscriptions (non staff),301020,Chief Executive,A45700,02/01/2026,21043892,"4,369.00",LOCAL GOVERNMENT INFORMATION UNIT
Norwich City Council,Staff Training Expenses,530050,Learning & Development,A10800,03/01/2026,21042807,600,IMPACT ASSOCIATES LTD
Norwich City Council,Agency Supply Staff,640235,Strategic Asset Management,A11300,05/01/2026,21043938,632.25,REDACTED COMMERCIAL CONFIDENTIALITY
Norwich City Council,Agency Supply Staff,410010,Private Sector Housing,A11300,05/01/2026,21042532,"1,043.40",REDACTED COMMERCIAL CONFIDENTIALITY
Norwich City Council,Agency Supply Staff,314035,Resources,A11300,05/01/2026,21042577,"4,130.00",REDACTED COMMERCIAL CONFIDENTIALITY
Norwich City Council,Agency Supply Staff,620046,East Norwich Programme Mngmnt,A11300,05/01/2026,21042573,"8,050.00",REDACTED COMMERCIAL CONFIDENTIALITY
Norwich City Council,Agency Supply Staff,314035,Resources,A11300,05/01/2026,21042578,"9,912.00",REDACTED COMMERCIAL CONFIDENTIALITY
Norwich City Council,Compensation to Tenants,710120,Neighbourhood Services,A44300,05/01/2026,21042559,719.44,REDACTED COMMERCIAL CONFIDENTIALITY
Norwich City Council,DPP Printing Costs,550040,Customer Support Team,A47500,05/01/2026,21042580,"1,520.39",RICOH UK LIMITED
Norwich City Council,Electrical,X95010,Housing & Community Safety HRA Capital,C10200,05/01/2026,21043501,"256,454.74",GASWAY SERVICES LTD
Norwich City Council,Heating Oil,721040,District Heating,A26900,05/01/2026,21042602,"5,028.91",RIX PETROLEUM LTD
Norwich City Council,Homelessness,410030,Homelessness,A40200,05/01/2026,21043322,840,REDACTED COMMERCIAL CONFIDENTIALITY
Norwich City Council,Homelessness,410030,Homelessness,A40200,05/01/2026,21043379,"1,190.00",REDACTED COMMERCIAL CONFIDENTIALITY
Norwich City Council,Homelessness,410030,Homelessness,A40200,05/01/2026,21043328,"2,450.00",REDACTED COMMERCIAL CONFIDENTIALITY
Norwich City Council,Intangible Fixed Assets,X90070,Planning & Regulatory Services GF Capital,C12400,05/01/2026,21043905,600,VICTORIA SOLUTIONS LTD TA VICTORIA FORMS
Norwich City Council,New Constructn/Convrsn/Renovtn,X90080,Property & Economic Development GF Capital,C10100,05/01/2026,21042590,"58,499.21",NORWICH CITY SERVICES LTD
Norwich City Council,Professional Advice/Fees,321056,Local Government Reorganisation NCC Only,A51300,05/01/2026,21042456,"1,275.00",CHESSUM COMMUNICATION LIMITED
Norwich City Council,Professional Advice/Fees,190001,Anglia Square - Development,A51300,05/01/2026,21042572,"7,965.00",PENNA PLC
Norwich City Council,Agency Supply Staff,710090,Housing Property Services,A11300,06/01/2026,21043532,"1,500.00",REDACTED COMMERCIAL CONFIDENTIALITY
Norwich City Council,Fleas/Wasps/Needles,710120,Neighbourhood Services,A23800,06/01/2026,21042744,525.39,NORWICH CITY SERVICES LTD
Norwich City Council,Grants - Special Projects,420142,Shared Prosperity Fund,A45600,06/01/2026,21042440,"1,000.00",ALIVE CHURCH NORWICH
Norwich City Council,Homelessness,410030,Homelessness,A40200,06/01/2026,21043420,"2,015.00",REDACTED COMMERCIAL CONFIDENTIALITY
Norwich City Council,New Constructn/Convrsn/Renovtn,X90080,Property & Economic Development GF Capital,C10100,06/01/2026,21042555,"3,734.21",A & R WRIGHT CONSULTING T/A WRIGHT CONSU
Norwich City Council,Projects,710145,Specialist Support Team,A49300,06/01/2026,21042741,550,BUBBLEFRESH
Norwich City Council,Projects,710145,Specialist Support Team,A49300,06/01/2026,21042740,"1,430.00",BUBBLEFRESH
Norwich City Council,"Property Repairs, Maintenance & Alterations (Reactive)",160000,Open Spaces,A20200,06/01/2026,21042981,"1,027.50",BLACKROW NURSERY
Norwich City Council,Water Services,740010,General HRA Premises,A30300,06/01/2026,22010087,"4,354.32",ANGLIAN WATER
Norwich City Council,Water Services,722025,Sheltered Hsg Tenancy Mgmnt,A30300,06/01/2026,22010096,"5,845.85",ANGLIAN WATER BUSINESS (WAVE)
Norwich City Council,Water Services,740010,General HRA Premises,A30300,06/01/2026,21042472,"628,002.57",ANGLIAN WATER BUSINESS (WAVE)
Norwich City Council,Agency Supply Staff,321025,IT Infrastructure,A11300,07/01/2026,21042713,720,REDACTED COMMERCIAL CONFIDENTIALITY
Norwich City Council,Agency Supply Staff,321025,IT Infrastructure,A11300,07/01/2026,21042743,789.42,REDACTED COMMERCIAL CONFIDENTIALITY
Norwich City Council,Agency Supply Staff,710090,Housing Property Services,A11300,07/01/2026,21043529,"1,500.00",REDACTED COMMERCIAL CONFIDENTIALITY
Norwich City Council,Day to Day Reps (ES/Prop Grp),220000,Investment Properties,A25700,07/01/2026,21043172,"1,494.81",EAST FIRE EXTINGUISHERS AND ALARMS UK
Norwich City Council,Disrepair Costs,710090,Housing Property Services,A45120,07/01/2026,21042528,"11,250.00",ANTONY HODARI HOLDINGS LTD CLIENT ACCOUNT
Norwich City Council,Energy efficiency measures,X95010,Housing & Community Safety HRA Capital,C10850,07/01/2026,21042747,"2,500.00",RETROFIT & COORDINATION LTD
Norwich City Council,Exp on Grants,X90010,Housing & Community Safety GF Capital,C12500,07/01/2026,21043479,"6,912.33",JKA HOME SOLUTIONS
Norwich City Council,General Repairs & Mtce,160000,Open Spaces,A20300,07/01/2026,21042655,950,PREMIER PLAYGROUNDS LTD
Norwich City Council,HRA Stock Condition Survey,X95010,Housing & Community Safety HRA Capital,C10350,07/01/2026,21042587,"2,550.00",ELLISTON CONSULTANCY SERVICES LTD
Norwich City Council,IT Services - Contract Charge,321025,IT Infrastructure,A50400,07/01/2026,21042813,723.3,PHOENIX SOFTWARE LTD
Norwich City Council,Other Hired & Contracting Services,431020,Street Cleansing,A51200,07/01/2026,21042723,"4,500.00",BEN WILLIS COMMERCIAL LANDSCAPING LTD
Norwich City Council,Other Hired & Contracting Services,431020,Street Cleansing,A51200,07/01/2026,21042723,"4,950.00",BEN WILLIS COMMERCIAL LANDSCAPING LTD
Norwich City Council,Rates,643040,Multi-Storey Car Parks,A29700,07/01/2026,21043150,882.04,SAVILLS (UK) LTD
Norwich City Council,Water Mains Renewal 90/91,730020,HRA Repairs,A24700,07/01/2026,21042693,947.1,UTILISE (UTILITY CONTRACTING) LTD
Norwich City Council,Water Mains Renewal 90/91,730020,HRA Repairs,A24700,07/01/2026,21042690,"1,279.30",UTILISE (UTILITY CONTRACTING) LTD
Norwich City Council,Water Mains Renewal 90/91,730020,HRA Repairs,A24700,07/01/2026,21042691,"1,804.99",UTILISE (UTILITY CONTRACTING) LTD
Norwich City Council,Water Services,710230,Void Dwelling Management,A30300,07/01/2026,21043021,558.45,INDEPENDENT WATER NETWORKS LIMITED
Norwich City Council,Water Services,710230,Void Dwelling Management,A30300,07/01/2026,21043032,573.56,INDEPENDENT WATER NETWORKS LIMITED
Norwich City Council,Water Services,710230,Void Dwelling Management,A30300,07/01/2026,21043007,577.45,INDEPENDENT WATER NETWORKS LIMITED
Norwich City Council,Water Services,710230,Void Dwelling Management,A30300,07/01/2026,21043017,591.92,INDEPENDENT WATER NETWORKS LIMITED
Norwich City Council,Water Services,710230,Void Dwelling Management,A30300,07/01/2026,21043001,635.23,INDEPENDENT WATER NETWORKS LIMITED
Norwich City Council,Water Services,710230,Void Dwelling Management,A30300,07/01/2026,21043028,670.11,INDEPENDENT WATER NETWORKS LIMITED
Norwich City Council,Water Services,710230,Void Dwelling Management,A30300,07/01/2026,21043005,689.82,INDEPENDENT WATER NETWORKS LIMITED
Norwich City Council,Water Services,710230,Void Dwelling Management,A30300,07/01/2026,21043029,867.4,INDEPENDENT WATER NETWORKS LIMITED
Norwich City Council,Water Services,710230,Void Dwelling Management,A30300,07/01/2026,21043239,882.69,INDEPENDENT WATER NETWORKS LIMITED
Norwich City Council,Water Services,710230,Void Dwelling Management,A30300,07/01/2026,21043176,900.27,INDEPENDENT WATER NETWORKS LIMITED
Norwich City Council,Water Services,710230,Void Dwelling Management,A30300,07/01/2026,21043019,911.5,INDEPENDENT WATER NETWORKS LIMITED
Norwich City Council,Water Services,710230,Void Dwelling Management,A30300,07/01/2026,21043070,"1,001.60",INDEPENDENT WATER NETWORKS LIMITED
Norwich City Council,Water Services,710230,Void Dwelling Management,A30300,07/01/2026,21043055,"1,621.93",INDEPENDENT WATER NETWORKS LIMITED
Norwich City Council,Water Services,710230,Void Dwelling Management,A30300,07/01/2026,21043191,"1,791.30",INDEPENDENT WATER NETWORKS LIMITED
Norwich City Council,Compensation to Tenants,710120,Neighbourhood Services,A44300,08/01/2026,21042760,653.33,REDACTED COMMERCIAL CONFIDENTIALITY
Norwich City Council,Doors,X95010,Housing & Community Safety HRA Capital,C11100,08/01/2026,21043951,"9,780.00",GERDA SECURITY PRODUCTS LIMITED
Norwich City Council,Intangible Fixed Assets,X90080,Property & Economic Development GF Capital,C12400,08/01/2026,21042800,"3,300.00",INFOSHARE+ LIMITED
Norwich City Council,Other Hired & Contracting Services,160000,Open Spaces,A51200,08/01/2026,21042792,"1,516.67",NORWICH CITY SERVICES LTD
Norwich City Council,Other Hired & Contracting Services,160000,Open Spaces,A51200,08/01/2026,21042768,"3,508.33",NORWICH CITY SERVICES LTD
Norwich City Council,Other Hired & Contracting Services,160000,Open Spaces,A51200,08/01/2026,21042793,"3,848.00",NORWICH CITY SERVICES LTD
Norwich City Council,Pest Control,160000,Open Spaces,A28800,08/01/2026,21042763,656.39,NORWICH CITY SERVICES LTD
Norwich City Council,Professional Advice/Fees,190710,St Andrews & Blackfriars Halls,A51300,08/01/2026,21042660,"2,775.00",REDACTED PERSONAL DATA
Norwich City Council,Purchase of Land & Buildings,X90080,Property & Economic Development GF Capital,C10000,08/01/2026,21042842,"2,850.00",BLOOM PROCUREMENT SERVICES LIMITED
Norwich City Council,Short Term - Accrued Income,999999,GF Balance Sheet,B11600,08/01/2026,21043052,"1,394.55",INTEGRATED WATER SERVICES LTD
Norwich City Council,T V Aerial Mtce,721020,Estates Management,A48000,08/01/2026,21042679,"1,197.07",SECURITAS TECHONOLOGY LTD
Norwich City Council,Water Service Testing,730020,HRA Repairs,A30200,08/01/2026,21044489,"2,714.82",INTEGRATED WATER SERVICES LTD
Norwich City Council,Bin Store Area Cleaning,721020,Estates Management,A28250,09/01/2026,21042781,"5,472.92",NORWICH CITY SERVICES LTD
Norwich City Council,Electrical,X95010,Housing & Community Safety HRA Capital,C10200,09/01/2026,21043968,652.92,ENVIRONTEC LIMITED
Norwich City Council,Gas Cent Heating Repairs C Wks,730020,HRA Repairs,A23600,09/01/2026,21042901,"2,101.98",GASWAY SERVICES LTD
Norwich City Council,Gas Cent Heating Repairs C Wks,730020,HRA Repairs,A23600,09/01/2026,21042902,"2,101.98",GASWAY SERVICES LTD
Norwich City Council,Gas Cent Heating Repairs C Wks,730020,HRA Repairs,A23600,09/01/2026,21042904,"2,101.98",GASWAY SERVICES LTD
Norwich City Council,Homelessness,410030,Homelessness,A40200,09/01/2026,21043421,"1,659.74",REDACTED COMMERCIAL CONFIDENTIALITY
Norwich City Council,IT Services - Contract Charge,321025,IT Infrastructure,A50400,09/01/2026,21043136,"8,970.49",KOHLER UNINTERRUPTIBLE POWER LTD
Norwich City Council,New Constructn/Convrsn/Renovtn,X90080,Property & Economic Development GF Capital,C10100,09/01/2026,21042916,"1,400.00",J A ALLEN LTD
Norwich City Council,New Constructn/Convrsn/Renovtn,X90080,Property & Economic Development GF Capital,C10100,09/01/2026,21043577,"6,806.50",TROWERS & HAMLINS LLP
Norwich City Council,Specialist Supplies,421010,Arboricultural services,A45100,09/01/2026,21042930,572,TREECARE CONSULTANTS LTD
Norwich City Council,Staff Training Expenses,530050,Learning & Development,A10800,09/01/2026,21043935,"39,479.58",LEARNING POOL
Norwich City Council,Variations to Database,431080,Integrated Waste Management,A51000,09/01/2026,21042971,"6,734.00",BIFFA MUNICIPAL LIMITED
Norwich City Council,Vehicles/Plant Eqpmt/Machinery,X90050,Environment Services GF Capital,C12300,09/01/2026,21042927,"48,602.94",SPLASH PADS ENTERPRISES LIMITED T/A THE SPLASH
Norwich City Council,Agency Supply Staff,410010,Private Sector Housing,A11300,12/01/2026,21043094,"1,739.00",REDACTED COMMERCIAL CONFIDENTIALITY
Norwich City Council,Agency Supply Staff,640235,Strategic Asset Management,A11300,12/01/2026,21042965,"2,009.15",REDACTED COMMERCIAL CONFIDENTIALITY
Norwich City Council,Agency Supply Staff,321025,IT Infrastructure,A11300,12/01/2026,21043119,"2,069.10",REDACTED COMMERCIAL CONFIDENTIALITY
Norwich City Council,Agency Supply Staff,710020,Head of Housing,A11300,12/01/2026,21043101,"17,701.25",REDACTED COMMERCIAL CONFIDENTIALITY
Norwich City Council,Disabled Adaptations,X95010,Housing & Community Safety HRA Capital,C11900,12/01/2026,21043496,"18,594.00",REDACTED COMMERCIAL CONFIDENTIALITY
Norwich City Council,Electricity,250000,Assets Used by Others,A27000,12/01/2026,21043123,"1,079.01",BROADS AUTHORITY
Norwich City Council,Electricity,190001,Anglia Square - Development,A27000,12/01/2026,22010144,"1,117.81",SSE ENERGY SOLUTIONS
Norwich City Council,Environmental Improvements,710120,Neighbourhood Services,A23700,12/01/2026,21043092,"1,954.23",NORWICH CITY SERVICES LTD
Norwich City Council,Heating Oil,721040,District Heating,A26900,12/01/2026,21043656,"2,697.21",RIX PETROLEUM LTD
Norwich City Council,Homelessness,410030,Homelessness,A40200,12/01/2026,21043321,840,REDACTED COMMERCIAL CONFIDENTIALITY
Norwich City Council,Homelessness,410030,Homelessness,A40200,12/01/2026,21043380,"1,640.00",REDACTED COMMERCIAL CONFIDENTIALITY
Norwich City Council,Homelessness,410030,Homelessness,A40200,12/01/2026,21043424,"2,940.00",REDACTED COMMERCIAL CONFIDENTIALITY
Norwich City Council,IT Services - Development Fund,321026,IT Applications,A50600,12/01/2026,21042967,"3,125.00",GRAVITAS RECRUITMENT GROUP LTD
Norwich City Council,Lift Mtce,730020,HRA Repairs,A20700,12/01/2026,21042978,"9,050.00",STANNAH LIFTS LTD
Norwich City Council,Lift Upgrades,X95010,Housing & Community Safety HRA Capital,C11850,12/01/2026,21042977,"34,207.60",STANNAH LIFTS LTD
Norwich City Council,NCSL Deposit Recharge,421020,Mousehold Heath Conservators,A72100,12/01/2026,21043891,581.56,NORWICH CITY SERVICES LTD
Norwich City Council,NCSL Deposit Recharge,160000,Open Spaces,A72100,12/01/2026,21043891,"1,486.22",NORWICH CITY SERVICES LTD
Norwich City Council,NCSL Deposit Recharge,290003,Swanton Road,A72100,12/01/2026,21043891,"3,295.52",NORWICH CITY SERVICES LTD
Norwich City Council,New Constructn/Convrsn/Renovtn,X90080,Property & Economic Development GF Capital,C10100,12/01/2026,21045004,"33,803.53",WORKMAN LLP - CENTRAL RECEIPTS NO 4
Norwich City Council,Postages,550040,Customer Support Team,A40800,12/01/2026,21042959,980.72,ROYAL MAIL GROUP PLC
Norwich City Council,Professional Advice/Fees,220000,Investment Properties,A51300,12/01/2026,21043746,"1,125.00",ACUITUS LIMITED
Norwich City Council,Rental Property Service Charge,180000,Buildings & Land,A28900,12/01/2026,21043143,"2,894.00",THE FORUM TRUST LIMITED
Norwich City Council,Shared Services Norse (NNE),431050,Environmental Services,A29100,12/01/2026,21043891,"640,301.42",NORWICH CITY SERVICES LTD
Norwich City Council,Short Term - Housing Rent Debtors,999999,GF Balance Sheet,B12600,12/01/2026,22010104,559.43,REDACTED PERSONAL DATA
Norwich City Council,Short Term - Housing Rent Debtors,999999,GF Balance Sheet,B12600,12/01/2026,22010138,663.3,REDACTED PERSONAL DATA
Norwich City Council,Short Term - Housing Rent Debtors,999999,GF Balance Sheet,B12600,12/01/2026,22010101,"1,204.23",REDACTED PERSONAL DATA
Norwich City Council,Short Term - Housing Rent Debtors,999999,GF Balance Sheet,B12600,12/01/2026,22010106,"3,817.89",REDACTED PERSONAL DATA
Norwich City Council,Subscriptions (non staff),515020,Council Tax Admin,A45700,12/01/2026,21043135,"1,430.00",IRRV SERVICES LTD
Norwich City Council,Vehicles/Plant Eqpmt/Machinery,X90000,"Customers, IT & Digital GF Capital",C12300,12/01/2026,21043139,524,CCS MEDIA LTD
Norwich City Council,Vehicles/Plant Eqpmt/Machinery,X90000,"Customers, IT & Digital GF Capital",C12300,12/01/2026,21043141,733,CCS MEDIA LTD
Norwich City Council,Vehicles/Plant Eqpmt/Machinery,X90000,"Customers, IT & Digital GF Capital",C12300,12/01/2026,21043179,"22,476.00",CCS MEDIA LTD
Norwich City Council,Water Hygiene upgrades,X95010,Housing & Community Safety HRA Capital,C11860,12/01/2026,21042887,611,IMPACT RENEWABLES LTD
Norwich City Council,Agency Supply Staff,321025,IT Infrastructure,A11300,13/01/2026,21043160,"1,800.00",REDACTED COMMERCIAL CONFIDENTIALITY
Norwich City Council,Agency Supply Staff,640235,Strategic Asset Management,A11300,13/01/2026,21044843,"8,416.53",REDACTED COMMERCIAL CONFIDENTIALITY
Norwich City Council,Environmental Improvements,710120,Neighbourhood Services,A23700,13/01/2026,21043086,539.11,NORWICH CITY SERVICES LTD
Norwich City Council,Environmental Improvements,710120,Neighbourhood Services,A23700,13/01/2026,21043088,"2,217.25",NORWICH CITY SERVICES LTD
Norwich City Council,IT Services - Contract Charge,321025,IT Infrastructure,A50400,13/01/2026,21044194,"2,660.35",VODAFONE LIMITED
Norwich City Council,Legal Expenses,521010,Legal Services,A47600,13/01/2026,21043098,"1,845.98",NORFOLK COUNTY COUNCIL
Norwich City Council,Legal Expenses,521010,Legal Services,A47600,13/01/2026,21043098,"120,561.23",NORFOLK COUNTY COUNCIL
Norwich City Council,New Constructn/Convrsn/Renovtn,X90080,Property & Economic Development GF Capital,C10100,13/01/2026,21043601,"76,500.00",Place Partners Ltd
Norwich City Council,Professional Advice/Fees,410010,Private Sector Housing,A51300,13/01/2026,21043760,"27,500.00",METASTREET LTD
Norwich City Council,Water Charges Metered,290000,City Hall,A30400,13/01/2026,21044508,"1,419.37",ANGLIAN WATER BUSINESS (WAVE)
Norwich City Council,Whole House Improvements,X95010,Housing & Community Safety HRA Capital,C10300,13/01/2026,21043215,525,DUCTCLEAN (UK) LIMITED
Norwich City Council,Whole House Improvements,X95010,Housing & Community Safety HRA Capital,C10300,13/01/2026,21043211,"4,653.38",DUCTCLEAN (UK) LIMITED
Norwich City Council,Agency Supply Staff,515030,Operational Finance,A11300,14/01/2026,21043472,723.54,REDACTED COMMERCIAL CONFIDENTIALITY
Norwich City Council,Agency Supply Staff,710090,Housing Property Services,A11300,14/01/2026,21044502,750,REDACTED COMMERCIAL CONFIDENTIALITY
Norwich City Council,Agency Supply Staff,550010,Customer Contact Team,A11300,14/01/2026,21043473,767.01,REDACTED COMMERCIAL CONFIDENTIALITY
Norwich City Council,Agency Supply Staff,516050,Revs & bens admin,A11300,14/01/2026,21044150,"1,175.63",REDACTED COMMERCIAL CONFIDENTIALITY
Norwich City Council,Agency Supply Staff,710090,Housing Property Services,A11300,14/01/2026,21044497,"3,240.00",REDACTED COMMERCIAL CONFIDENTIALITY
Norwich City Council,Agency Supply Staff,710090,Housing Property Services,A11300,14/01/2026,21044499,"3,530.00",REDACTED COMMERCIAL CONFIDENTIALITY
Norwich City Council,Agency Supply Staff,710090,Housing Property Services,A11300,14/01/2026,21044504,"3,750.00",REDACTED COMMERCIAL CONFIDENTIALITY
Norwich City Council,Disrepair Costs,710090,Housing Property Services,A45120,14/01/2026,21043134,"6,500.00",BOND TURNER LIMITED CLIENT ACCOUNT
Norwich City Council,Disrepair Costs,710090,Housing Property Services,A45120,14/01/2026,21043133,"7,250.00",SATCHELL MORAN SOLICITORS
Norwich City Council,Other Hired & Contracting Services,540010,Procurement Team,A51200,14/01/2026,21043960,"4,017.00",IN-TEND LIMITED
Norwich City Council,Programmed Maint(ES/Prop Grp),220000,Investment Properties,A25600,14/01/2026,21043164,"4,569.80",UK POWER NETWORKS SERVICES (COMMERCIAL) LIMITED
Norwich City Council,Projects,710030,Tenancy Services & Income Manager,A49300,14/01/2026,21043467,"2,395.00",NORFOLK COUNTY COUNCIL
Norwich City Council,Staff Training Expenses,710090,Housing Property Services,A10800,14/01/2026,21043534,680,CHARTERED INSTITUTE OF HOUSING
Norwich City Council,Street Furniture Mtce,421030,Highways Ground & Tree Maint,A28000,14/01/2026,21043183,"1,750.00",BEN WILLIS COMMERCIAL LANDSCAPING LTD
Norwich City Council,Street Furniture Mtce,421030,Highways Ground & Tree Maint,A28000,14/01/2026,21043183,"2,000.00",BEN WILLIS COMMERCIAL LANDSCAPING LTD
Norwich City Council,Tenants Contents Ins Premiun,740010,General HRA Premises,A29500,14/01/2026,21043440,"10,552.12",AON UK LTD
Norwich City Council,Water Hygiene upgrades,X95010,Housing & Community Safety HRA Capital,C11860,14/01/2026,21043775,611,IMPACT RENEWABLES LTD
Norwich City Council,Disabled Adaptations,X95010,Housing & Community Safety HRA Capital,C11900,15/01/2026,21043500,"6,500.00",REDACTED COMMERCIAL CONFIDENTIALITY
Norwich City Council,Exp on Grants,X90010,Housing & Community Safety GF Capital,C12500,15/01/2026,21044807,"5,994.00",GASWISE SERVICES LTD
Norwich City Council,Exp on Loans/Financial Asstnce,X90010,Housing & Community Safety GF Capital,C12600,15/01/2026,21043500,"1,079.64",ASPIRE ADAPTATIONS LIMITED
Norwich City Council,General Repairs & Mtce,410045,Syrian Refugee Programme,A20300,15/01/2026,21043557,535,HYSPEK PROPERTY MAINTENANCE LTD
Norwich City Council,General Repairs & Mtce,410040,Private Sector Leasing Scheme,A20300,15/01/2026,21043537,"2,450.00",REDACTED COMMERCIAL CONFIDENTIALITY
Norwich City Council,Homelessness,410030,Homelessness,A40200,15/01/2026,21044332,805.35,REDACTED COMMERCIAL CONFIDENTIALITY
Norwich City Council,Setup and Grit Bins,421030,Highways Ground & Tree Maint,A51860,15/01/2026,21043691,"2,254.03",GLASDON UK LTD
Norwich City Council,Staff Training Expenses,314040,Resources,A10800,15/01/2026,21043802,560,NATIONAL CENTRE FOR WRITING COMMERCIAL LIMITED
Norwich City Council,Street Furniture Mtce,421030,Highways Ground & Tree Maint,A28000,15/01/2026,21043550,"1,500.00",BEN WILLIS COMMERCIAL LANDSCAPING LTD
Norwich City Council,Whole House Improvements,X95010,Housing & Community Safety HRA Capital,C10300,15/01/2026,21043772,"3,960.38",DUCTCLEAN (UK) LIMITED
Norwich City Council,Whole House Improvements,X95010,Housing & Community Safety HRA Capital,C10300,15/01/2026,21043770,"7,472.45",DUCTCLEAN (UK) LIMITED
Norwich City Council,IT Services - Development Fund,321026,IT Applications,A50600,16/01/2026,21043706,"3,125.00",GRAVITAS RECRUITMENT GROUP LTD
Norwich City Council,IT Services - Development Fund,321026,IT Applications,A50600,16/01/2026,21043599,"16,250.00",NEC SOFTWARE SOLUTIONS UK LTD
Norwich City Council,Other Hired & Contracting Services,520020,Democratic Services,A51200,16/01/2026,21043694,"1,426.75",DISCREET SECURITY LIMITED
Norwich City Council,Professional Advice/Fees,520040,Land Searches,A51300,16/01/2026,21043538,"3,145.10",NORFOLK COUNTY COUNCIL
Norwich City Council,"Property Repairs, Maintenance & Alterations (Reactive)",160000,Open Spaces,A20200,16/01/2026,21043738,665,ELITE EQUIPMENT SERVICES & SALES LTD
Norwich City Council,Staff Training Expenses,710090,Housing Property Services,A10800,16/01/2026,21043751,680,CHARTERED INSTITUTE OF HOUSING
Norwich City Council,Hire of Property,410031,Rough Sleepers,A30100,17/01/2026,21043631,"1,870.00",YOUR PRIORITY HEALTHCARE LIMITED
Norwich City Council,Disabled Adaptations,X95010,Housing & Community Safety HRA Capital,C11900,18/01/2026,21043887,983.87,REDACTED COMMERCIAL CONFIDENTIALITY
Norwich City Council,Disabled Adaptations,X95010,Housing & Community Safety HRA Capital,C11900,18/01/2026,21043887,"13,573.03",REDACTED COMMERCIAL CONFIDENTIALITY
Norwich City Council,Agency Supply Staff,410010,Private Sector Housing,A11300,19/01/2026,21043731,"1,739.00",REDACTED COMMERCIAL CONFIDENTIALITY
Norwich City Council,Agency Supply Staff,640235,Strategic Asset Management,A11300,19/01/2026,21043600,"2,219.90",REDACTED COMMERCIAL CONFIDENTIALITY
Norwich City Council,Contract Cleaning,643040,Multi-Storey Car Parks,A26600,19/01/2026,21044156,849.83,NORWICH CITY SERVICES LTD
Norwich City Council,Homelessness,410030,Homelessness,A40200,19/01/2026,21044330,"1,840.00",REDACTED COMMERCIAL CONFIDENTIALITY
Norwich City Council,Homelessness,410030,Homelessness,A40200,19/01/2026,21044329,"2,520.00",REDACTED COMMERCIAL CONFIDENTIALITY
Norwich City Council,New Constructn/Convrsn/Renovtn,X90020,"Strategy, Engagement & Culture GF Capital",C10100,19/01/2026,21043711,975,REDACTED PERSONAL DATA
Norwich City Council,New Constructn/Convrsn/Renovtn,X90070,Planning & Regulatory Services GF Capital,C10100,19/01/2026,21043890,"5,420.66",NORWICH CITY SERVICES LTD
Norwich City Council,Postages,550040,Customer Support Team,A40800,19/01/2026,21043803,"1,384.98",ROYAL MAIL GROUP PLC
Norwich City Council,Solar Therml/Photovoltaic,X95010,Housing & Community Safety HRA Capital,C10900,19/01/2026,21043975,611,IMPACT RENEWABLES LTD
Norwich City Council,Solar Therml/Photovoltaic,X95010,Housing & Community Safety HRA Capital,C10900,19/01/2026,21043984,611,IMPACT RENEWABLES LTD
Norwich City Council,Dilapidation,220000,Investment Properties,A20400,20/01/2026,21043776,"1,545.00",BULLEYS BRADBURY LTD
Norwich City Council,Disabled Adaptations,X95010,Housing & Community Safety HRA Capital,C11900,20/01/2026,21044123,"5,793.67",REDACTED COMMERCIAL CONFIDENTIALITY
Norwich City Council,Disabled Adaptations,X95010,Housing & Community Safety HRA Capital,C11900,20/01/2026,21044946,"7,028.76",REDACTED COMMERCIAL CONFIDENTIALITY
Norwich City Council,General Repairs & Mtce,410040,Private Sector Leasing Scheme,A20300,20/01/2026,21044371,564.95,REDACTED COMMERCIAL CONFIDENTIALITY
Norwich City Council,General Repairs & Mtce,410040,Private Sector Leasing Scheme,A20300,20/01/2026,21043933,592.7,REDACTED COMMERCIAL CONFIDENTIALITY
Norwich City Council,New Constructn/Convrsn/Renovtn,X90080,Property & Economic Development GF Capital,C10100,20/01/2026,21043672,"1,500.00",REDACTED PERSONAL DATA
Norwich City Council,New Constructn/Convrsn/Renovtn,X90080,Property & Economic Development GF Capital,C10100,20/01/2026,21044254,"35,710.00",TETRA TECH CONSULTING LIMITED
Norwich City Council,Other Hired & Contracting Services,431080,Integrated Waste Management,A51200,20/01/2026,21043709,"1,442.03",TMA BARK SUPPLIES LIMITED
Norwich City Council,Promotions and Events,620046,East Norwich Programme Mngmnt,A40700,20/01/2026,21044060,"5,000.00",NORFOLK COUNTY COUNCIL
Norwich City Council,Short Term - Housing Rent Debtors,999999,GF Balance Sheet,B12600,20/01/2026,22010171,530.04,REDACTED PERSONAL DATA
Norwich City Council,Short Term - Housing Rent Debtors,999999,GF Balance Sheet,B12600,20/01/2026,22010179,600,REDACTED PERSONAL DATA
Norwich City Council,Short Term - Housing Rent Debtors,999999,GF Balance Sheet,B12600,20/01/2026,22010181,700,REDACTED PERSONAL DATA
Norwich City Council,Short Term - Housing Rent Debtors,999999,GF Balance Sheet,B12600,20/01/2026,22010176,707.65,REDACTED PERSONAL DATA
Norwich City Council,Short Term - Housing Rent Debtors,999999,GF Balance Sheet,B12600,20/01/2026,22010236,862.22,REDACTED PERSONAL DATA
Norwich City Council,Short Term - Housing Rent Debtors,999999,GF Balance Sheet,B12600,20/01/2026,22010173,914.32,REDACTED PERSONAL DATA
Norwich City Council,Short Term - Housing Rent Debtors,999999,GF Balance Sheet,B12600,20/01/2026,22010172,"1,224.15",REDACTED PERSONAL DATA
Norwich City Council,Short Term - Housing Rent Debtors,999999,GF Balance Sheet,B12600,20/01/2026,22010182,"1,756.00",REDACTED PERSONAL DATA
Norwich City Council,Advertising General,740080,Rents - Shops & Shop Flats,A41600,21/01/2026,21044110,675,RIGHTMOVE GROUP LIMITED
Norwich City Council,Agency Supply Staff,710090,Housing Property Services,A11300,21/01/2026,21044501,750,REDACTED COMMERCIAL CONFIDENTIALITY
Norwich City Council,Agency Supply Staff,550010,Customer Contact Team,A11300,21/01/2026,21043866,767.01,REDACTED COMMERCIAL CONFIDENTIALITY
Norwich City Council,Agency Supply Staff,550010,Customer Contact Team,A11300,21/01/2026,21043869,767.01,REDACTED COMMERCIAL CONFIDENTIALITY
Norwich City Council,Agency Supply Staff,550010,Customer Contact Team,A11300,21/01/2026,21043870,767.01,REDACTED COMMERCIAL CONFIDENTIALITY
Norwich City Council,Agency Supply Staff,516050,Revs & bens admin,A11300,21/01/2026,21044146,940.5,REDACTED COMMERCIAL CONFIDENTIALITY
Norwich City Council,Agency Supply Staff,321025,IT Infrastructure,A11300,21/01/2026,21043812,"1,800.00",REDACTED COMMERCIAL CONFIDENTIALITY
Norwich City Council,Agency Supply Staff,550010,Customer Contact Team,A11300,21/01/2026,21043864,"2,125.33",REDACTED COMMERCIAL CONFIDENTIALITY
Norwich City Council,Agency Supply Staff,710090,Housing Property Services,A11300,21/01/2026,21044496,"3,240.00",REDACTED COMMERCIAL CONFIDENTIALITY
Norwich City Council,Agency Supply Staff,516050,Revs & bens admin,A11300,21/01/2026,21043863,"3,403.59",REDACTED COMMERCIAL CONFIDENTIALITY
Norwich City Council,Agency Supply Staff,710090,Housing Property Services,A11300,21/01/2026,21044498,"3,530.00",REDACTED COMMERCIAL CONFIDENTIALITY
Norwich City Council,Agency Supply Staff,550080,Corporate Business Services,A11300,21/01/2026,21043862,"3,602.50",REDACTED COMMERCIAL CONFIDENTIALITY
Norwich City Council,Agency Supply Staff,710090,Housing Property Services,A11300,21/01/2026,21044503,"3,750.00",REDACTED COMMERCIAL CONFIDENTIALITY
Norwich City Council,Disrepair Costs,710090,Housing Property Services,A45120,21/01/2026,21043774,"6,744.57",DRISCOLL KINGSTON AND CO LIMITED
Norwich City Council,Exp on Grants,X90010,Housing & Community Safety GF Capital,C12500,21/01/2026,21043945,"5,824.80",ARK PROPERTY SERVICES LTD
Norwich City Council,Exp on Grants,X90010,Housing & Community Safety GF Capital,C12500,21/01/2026,21044490,"6,906.00",GASWISE SERVICES LTD
Norwich City Council,Grants - Main ex SLA's,310060,Social Policy/Arts Grants,A46300,21/01/2026,21043949,"5,000.00",REDACTED COMMERCIAL CONFIDENTIALITY
Norwich City Council,Heating/Boilers Domestic,X95010,Housing & Community Safety HRA Capital,C10700,21/01/2026,21043940,"5,773.00",HES M&E SERVICES LIMITED
Norwich City Council,HRA Stock Condition Survey,X95010,Housing & Community Safety HRA Capital,C10350,21/01/2026,21043842,"4,560.00",ELLISTON CONSULTANCY SERVICES LTD
Norwich City Council,Inspection (Electrical Equipt),730020,HRA Repairs,A42600,21/01/2026,21044417,"30,468.05",GASWAY SERVICES LTD
Norwich City Council,Insurance - Settlements,512010,Insurance,A29550,21/01/2026,21043790,"40,002.00",REDACTED COMMERCIAL CONFIDENTIALITY
Norwich City Council,IT Services - Contract Charge,321025,IT Infrastructure,A50400,21/01/2026,21043861,"3,842.84",PHOENIX SOFTWARE LTD
Norwich City Council,IT Software Purchase,644050,On Street Operations,A41400,21/01/2026,21044155,725.8,FLOWBIRD SMART CITY UK LTD
Norwich City Council,IT Software Purchase,644050,On Street Operations,A41400,21/01/2026,21043907,"1,023.75",FLOWBIRD SMART CITY UK LTD
Norwich City Council,IT Software Purchase,643020,Off Street Car Parks,A41400,21/01/2026,21044155,"3,927.49",FLOWBIRD SMART CITY UK LTD
Norwich City Council,New Constructn/Convrsn/Renovtn,X90080,Property & Economic Development GF Capital,C10100,21/01/2026,21043809,"2,133.16",CAVALIER MAILING SERVICES
Norwich City Council,Purchase of Equipment,421040,Fringe Project,A42700,21/01/2026,21044039,"2,766.46",BEN BURGESS GROUNDSCARE EQT
Norwich City Council,Variations to Database,431080,Integrated Waste Management,A51000,21/01/2026,21043885,"1,611.54",BIFFA MUNICIPAL LIMITED
Norwich City Council,Agency Supply Staff,515030,Operational Finance,A11300,22/01/2026,21043923,973.49,REDACTED COMMERCIAL CONFIDENTIALITY
Norwich City Council,Gas Cent Heating Repairs C Wks,730020,HRA Repairs,A23600,22/01/2026,21043953,"149,715.37",GASWAY SERVICES LTD
Norwich City Council,Kitchens,X95010,Housing & Community Safety HRA Capital,C10400,22/01/2026,21044005,"152,161.46",GASWAY SERVICES LTD
Norwich City Council,New Constructn/Convrsn/Renovtn,X90080,Property & Economic Development GF Capital,C10100,22/01/2026,21043845,"1,000.00",REDACTED PERSONAL DATA
Norwich City Council,New Constructn/Convrsn/Renovtn,X90080,Property & Economic Development GF Capital,C10100,22/01/2026,21043886,"470,159.00",DSM DEMOLITION LTD
Norwich City Council,Other Hired & Contracting Services,510050,Professional Finance,A51200,22/01/2026,21043915,706.2,AVC WISE LTD T/A MY MONEY MATTERS
Norwich City Council,Promotions and Events,620046,East Norwich Programme Mngmnt,A40700,22/01/2026,21044062,"5,000.00",NORFOLK COUNTY COUNCIL
Norwich City Council,Purchase of Equipment,421040,Fringe Project,A42700,22/01/2026,21043939,"9,261.00",BEN BURGESS GROUNDSCARE EQT
Norwich City Council,Structural Repairs,730020,HRA Repairs,A22800,22/01/2026,21044673,"1,222.50",HARRISON GROUP ENVIRONMENTAL LTD
Norwich City Council,Structural Repairs,730020,HRA Repairs,A22800,22/01/2026,21044673,"5,259.00",HARRISON GROUP ENVIRONMENTAL LTD
Norwich City Council,Subscriptions (non staff),510050,Professional Finance,A45700,22/01/2026,21043851,"2,345.00",LAVAT CONSULTING LTD T/A PSTAX
Norwich City Council,Whole House Improvements,X95010,Housing & Community Safety HRA Capital,C10300,22/01/2026,21044003,"3,936.82",GASWAY SERVICES LTD
Norwich City Council,Whole House Improvements,X95010,Housing & Community Safety HRA Capital,C10300,22/01/2026,21044003,"23,632.99",GASWAY SERVICES LTD
Norwich City Council,Bathrooms,X95010,Housing & Community Safety HRA Capital,C10500,23/01/2026,21043990,"176,011.44",GASWAY SERVICES LTD
Norwich City Council,Exp on Grants,X90010,Housing & Community Safety GF Capital,C12500,23/01/2026,21045062,"1,674.68",UNIQUE ADAPTATIONS LIMITED
Norwich City Council,Gas Cent Heating Repairs C Wks,730020,HRA Repairs,A23600,23/01/2026,21043941,"2,101.98",GASWAY SERVICES LTD
Norwich City Council,Gas Cent Heating Repairs C Wks,730020,HRA Repairs,A23600,23/01/2026,21043954,"8,900.60",GASWAY SERVICES LTD
Norwich City Council,General Repairs,730020,HRA Repairs,A23000,23/01/2026,21043992,"541,666.67",NORWICH CITY SERVICES LTD
Norwich City Council,New Constructn/Convrsn/Renovtn,X90080,Property & Economic Development GF Capital,C10100,23/01/2026,21043959,570,REDACTED PERSONAL DATA
Norwich City Council,New Constructn/Convrsn/Renovtn,X90050,Environment Services GF Capital,C10100,23/01/2026,21043966,"5,952.29",SOUTHERN GREEN LIMITED
Norwich City Council,New Constructn/Convrsn/Renovtn,X90050,Environment Services GF Capital,C10100,23/01/2026,21043967,"12,490.62",SOUTHERN GREEN LIMITED
Norwich City Council,Other Hired & Contracting Services,514010,Internal Audit,A51200,23/01/2026,21043963,"25,110.75",SOUTH NORFOLK DISTRICT COUNCIL
Norwich City Council,Schedule of Rates/Dayworks,721020,Estates Management,A24000,23/01/2026,21043950,559.3,NORWICH CITY SERVICES LTD
Norwich City Council,Variations to Database,431080,Integrated Waste Management,A51000,23/01/2026,21044049,"1,974.36",BIFFA MUNICIPAL LIMITED
Norwich City Council,Variations to Database,431080,Integrated Waste Management,A51000,23/01/2026,21044049,"2,234.61",BIFFA MUNICIPAL LIMITED
Norwich City Council,Void Repairs,730080,HRA Repairs - Void Properties,A23100,23/01/2026,21043995,"375,000.00",NORWICH CITY SERVICES LTD
Norwich City Council,Heating/Boilers Domestic,X95010,Housing & Community Safety HRA Capital,C10700,25/01/2026,21043996,"108,344.69",DODD GROUP (EASTERN) LTD
Norwich City Council,Projects,610010,Economic Development Unit,A49300,25/01/2026,21044119,"1,500.00",THE LIVELY CREW LIMITED
Norwich City Council,Agency Supply Staff,516050,Revs & bens admin,A11300,26/01/2026,21044126,"1,197.92",REDACTED COMMERCIAL CONFIDENTIALITY
Norwich City Council,Agency Supply Staff,515010,NNDR Admin,A11300,26/01/2026,21044126,"1,281.76",REDACTED COMMERCIAL CONFIDENTIALITY
Norwich City Council,Agency Supply Staff,410010,Private Sector Housing,A11300,26/01/2026,21044111,"1,739.00",REDACTED COMMERCIAL CONFIDENTIALITY
Norwich City Council,Agency Supply Staff,321025,IT Infrastructure,A11300,26/01/2026,21044109,"2,069.10",REDACTED COMMERCIAL CONFIDENTIALITY
Norwich City Council,Agency Supply Staff,710250,Housing Delivery,A11300,26/01/2026,21043998,"2,700.00",REDACTED COMMERCIAL CONFIDENTIALITY
Norwich City Council,Agency Supply Staff,515010,NNDR Admin,A11300,26/01/2026,21044133,"2,892.96",REDACTED COMMERCIAL CONFIDENTIALITY
Norwich City Council,Agency Supply Staff,515010,NNDR Admin,A11300,26/01/2026,21044135,"3,512.88",REDACTED COMMERCIAL CONFIDENTIALITY
Norwich City Council,Agency Supply Staff,640235,Strategic Asset Management,A11300,26/01/2026,21044847,"5,179.40",REDACTED COMMERCIAL CONFIDENTIALITY
Norwich City Council,Building Rents,410040,Private Sector Leasing Scheme,A30000,26/01/2026,22010297,510.44,REDACTED PERSONAL DATA
Norwich City Council,Building Rents,410040,Private Sector Leasing Scheme,A30000,26/01/2026,22010278,578.39,REDACTED PERSONAL DATA
Norwich City Council,Building Rents,410040,Private Sector Leasing Scheme,A30000,26/01/2026,22010436,578.52,REDACTED PERSONAL DATA
Norwich City Council,Building Rents,410040,Private Sector Leasing Scheme,A30000,26/01/2026,22010437,578.52,REDACTED PERSONAL DATA
Norwich City Council,Building Rents,410040,Private Sector Leasing Scheme,A30000,26/01/2026,22010414,585.51,REDACTED PERSONAL DATA
Norwich City Council,Building Rents,410040,Private Sector Leasing Scheme,A30000,26/01/2026,22010349,586.93,REDACTED PERSONAL DATA
Norwich City Council,Building Rents,410040,Private Sector Leasing Scheme,A30000,26/01/2026,22010472,591.72,REDACTED PERSONAL DATA
Norwich City Council,Building Rents,410040,Private Sector Leasing Scheme,A30000,26/01/2026,22010383,595.33,REDACTED PERSONAL DATA
Norwich City Council,Building Rents,410040,Private Sector Leasing Scheme,A30000,26/01/2026,22010430,603.89,REDACTED PERSONAL DATA
Norwich City Council,Building Rents,410040,Private Sector Leasing Scheme,A30000,26/01/2026,22010261,604.53,REDACTED PERSONAL DATA
Norwich City Council,Building Rents,410040,Private Sector Leasing Scheme,A30000,26/01/2026,22010282,610.99,REDACTED PERSONAL DATA
Norwich City Council,Building Rents,410040,Private Sector Leasing Scheme,A30000,26/01/2026,22010286,610.99,REDACTED PERSONAL DATA
Norwich City Council,Building Rents,410040,Private Sector Leasing Scheme,A30000,26/01/2026,22010335,611.94,REDACTED PERSONAL DATA
Norwich City Council,Building Rents,410040,Private Sector Leasing Scheme,A30000,26/01/2026,22010313,612.07,REDACTED PERSONAL DATA
Norwich City Council,Building Rents,410040,Private Sector Leasing Scheme,A30000,26/01/2026,22010337,615.38,REDACTED PERSONAL DATA
Norwich City Council,Building Rents,410040,Private Sector Leasing Scheme,A30000,26/01/2026,22010267,616.65,REDACTED PERSONAL DATA
Norwich City Council,Building Rents,410040,Private Sector Leasing Scheme,A30000,26/01/2026,22010296,617.7,REDACTED PERSONAL DATA
Norwich City Council,Building Rents,410040,Private Sector Leasing Scheme,A30000,26/01/2026,22010420,619.95,REDACTED PERSONAL DATA
Norwich City Council,Building Rents,410040,Private Sector Leasing Scheme,A30000,26/01/2026,22010422,619.95,REDACTED PERSONAL DATA
Norwich City Council,Building Rents,410040,Private Sector Leasing Scheme,A30000,26/01/2026,22010423,619.95,REDACTED PERSONAL DATA
Norwich City Council,Building Rents,410040,Private Sector Leasing Scheme,A30000,26/01/2026,22010301,622.7,REDACTED PERSONAL DATA
Norwich City Council,Building Rents,410040,Private Sector Leasing Scheme,A30000,26/01/2026,22010268,627.22,REDACTED PERSONAL DATA
Norwich City Council,Building Rents,410040,Private Sector Leasing Scheme,A30000,26/01/2026,22010270,630.4,REDACTED PERSONAL DATA
Norwich City Council,Building Rents,410040,Private Sector Leasing Scheme,A30000,26/01/2026,22010365,630.4,REDACTED PERSONAL DATA
Norwich City Council,Building Rents,410040,Private Sector Leasing Scheme,A30000,26/01/2026,22010415,630.4,REDACTED PERSONAL DATA
Norwich City Council,Building Rents,410040,Private Sector Leasing Scheme,A30000,26/01/2026,22010277,636.31,REDACTED PERSONAL DATA
Norwich City Council,Building Rents,410040,Private Sector Leasing Scheme,A30000,26/01/2026,22010290,637.27,REDACTED PERSONAL DATA
Norwich City Council,Building Rents,410040,Private Sector Leasing Scheme,A30000,26/01/2026,22010345,637.27,REDACTED PERSONAL DATA
Norwich City Council,Building Rents,410040,Private Sector Leasing Scheme,A30000,26/01/2026,22010390,637.28,REDACTED PERSONAL DATA
Norwich City Council,Building Rents,410040,Private Sector Leasing Scheme,A30000,26/01/2026,22010379,638.11,REDACTED PERSONAL DATA
Norwich City Council,Building Rents,410040,Private Sector Leasing Scheme,A30000,26/01/2026,22010264,638.24,REDACTED PERSONAL DATA
Norwich City Council,Building Rents,410040,Private Sector Leasing Scheme,A30000,26/01/2026,22010293,638.24,REDACTED PERSONAL DATA
Norwich City Council,Building Rents,410040,Private Sector Leasing Scheme,A30000,26/01/2026,22010348,638.24,REDACTED PERSONAL DATA
Norwich City Council,Building Rents,410040,Private Sector Leasing Scheme,A30000,26/01/2026,22010362,638.24,REDACTED PERSONAL DATA
Norwich City Council,Building Rents,410040,Private Sector Leasing Scheme,A30000,26/01/2026,22010384,638.24,REDACTED PERSONAL DATA
Norwich City Council,Building Rents,410040,Private Sector Leasing Scheme,A30000,26/01/2026,22010334,639.08,REDACTED PERSONAL DATA
Norwich City Council,Building Rents,410040,Private Sector Leasing Scheme,A30000,26/01/2026,22010336,639.08,REDACTED PERSONAL DATA
Norwich City Council,Building Rents,410040,Private Sector Leasing Scheme,A30000,26/01/2026,22010355,639.08,REDACTED PERSONAL DATA
Norwich City Council,Building Rents,410040,Private Sector Leasing Scheme,A30000,26/01/2026,22010274,639.09,REDACTED PERSONAL DATA
Norwich City Council,Building Rents,410040,Private Sector Leasing Scheme,A30000,26/01/2026,22010287,642.67,REDACTED PERSONAL DATA
Norwich City Council,Building Rents,410040,Private Sector Leasing Scheme,A30000,26/01/2026,22010359,644.92,REDACTED PERSONAL DATA
Norwich City Council,Building Rents,410040,Private Sector Leasing Scheme,A30000,26/01/2026,22010339,645.76,REDACTED PERSONAL DATA
Norwich City Council,Building Rents,410040,Private Sector Leasing Scheme,A30000,26/01/2026,22010332,645.89,REDACTED PERSONAL DATA
Norwich City Council,Building Rents,410040,Private Sector Leasing Scheme,A30000,26/01/2026,22010474,650.89,REDACTED PERSONAL DATA
Norwich City Council,Building Rents,410040,Private Sector Leasing Scheme,A30000,26/01/2026,22010360,655.02,REDACTED PERSONAL DATA
Norwich City Council,Building Rents,410040,Private Sector Leasing Scheme,A30000,26/01/2026,22010273,656.38,REDACTED PERSONAL DATA
Norwich City Council,Building Rents,410040,Private Sector Leasing Scheme,A30000,26/01/2026,22010367,656.38,REDACTED PERSONAL DATA
Norwich City Council,Building Rents,410040,Private Sector Leasing Scheme,A30000,26/01/2026,22010351,657.5,REDACTED PERSONAL DATA
Norwich City Council,Building Rents,410040,Private Sector Leasing Scheme,A30000,26/01/2026,22010320,660.28,REDACTED PERSONAL DATA
Norwich City Council,Building Rents,410040,Private Sector Leasing Scheme,A30000,26/01/2026,22010425,661.29,REDACTED PERSONAL DATA
Norwich City Council,Building Rents,410040,Private Sector Leasing Scheme,A30000,26/01/2026,22010257,667.27,REDACTED PERSONAL DATA
Norwich City Council,Building Rents,410040,Private Sector Leasing Scheme,A30000,26/01/2026,22010412,667.27,REDACTED PERSONAL DATA
Norwich City Council,Building Rents,410040,Private Sector Leasing Scheme,A30000,26/01/2026,22010245,668.59,REDACTED PERSONAL DATA
Norwich City Council,Building Rents,410040,Private Sector Leasing Scheme,A30000,26/01/2026,22010276,673.63,REDACTED PERSONAL DATA
Norwich City Council,Building Rents,410040,Private Sector Leasing Scheme,A30000,26/01/2026,22010393,673.74,REDACTED PERSONAL DATA
Norwich City Council,Building Rents,410040,Private Sector Leasing Scheme,A30000,26/01/2026,22010269,673.92,REDACTED PERSONAL DATA
Norwich City Council,Building Rents,410040,Private Sector Leasing Scheme,A30000,26/01/2026,22010363,673.92,REDACTED PERSONAL DATA
Norwich City Council,Building Rents,410040,Private Sector Leasing Scheme,A30000,26/01/2026,22010369,673.92,REDACTED PERSONAL DATA
Norwich City Council,Building Rents,410040,Private Sector Leasing Scheme,A30000,26/01/2026,22010326,675.85,REDACTED PERSONAL DATA
Norwich City Council,Building Rents,410040,Private Sector Leasing Scheme,A30000,26/01/2026,22010479,680.47,REDACTED PERSONAL DATA
Norwich City Council,Building Rents,410040,Private Sector Leasing Scheme,A30000,26/01/2026,22010465,686.39,REDACTED PERSONAL DATA
Norwich City Council,Building Rents,410040,Private Sector Leasing Scheme,A30000,26/01/2026,22010469,686.39,REDACTED PERSONAL DATA
Norwich City Council,Building Rents,410040,Private Sector Leasing Scheme,A30000,26/01/2026,22010321,689.08,REDACTED PERSONAL DATA
Norwich City Council,Building Rents,410040,Private Sector Leasing Scheme,A30000,26/01/2026,22010342,690.89,REDACTED PERSONAL DATA
Norwich City Council,Building Rents,410040,Private Sector Leasing Scheme,A30000,26/01/2026,22010382,690.89,REDACTED PERSONAL DATA
Norwich City Council,Building Rents,410040,Private Sector Leasing Scheme,A30000,26/01/2026,22010368,691.66,REDACTED PERSONAL DATA
Norwich City Council,Building Rents,410040,Private Sector Leasing Scheme,A30000,26/01/2026,22010371,696.9,REDACTED PERSONAL DATA
Norwich City Council,Building Rents,410040,Private Sector Leasing Scheme,A30000,26/01/2026,22010380,703.8,REDACTED PERSONAL DATA
Norwich City Council,Building Rents,410040,Private Sector Leasing Scheme,A30000,26/01/2026,22010381,705.61,REDACTED PERSONAL DATA
Norwich City Council,Building Rents,410040,Private Sector Leasing Scheme,A30000,26/01/2026,22010438,707.08,REDACTED PERSONAL DATA
Norwich City Council,Building Rents,410040,Private Sector Leasing Scheme,A30000,26/01/2026,22010439,707.08,REDACTED PERSONAL DATA
Norwich City Council,Building Rents,410040,Private Sector Leasing Scheme,A30000,26/01/2026,22010305,708.22,REDACTED PERSONAL DATA
Norwich City Council,Building Rents,410040,Private Sector Leasing Scheme,A30000,26/01/2026,22010283,711.55,REDACTED PERSONAL DATA
Norwich City Council,Building Rents,410040,Private Sector Leasing Scheme,A30000,26/01/2026,22010298,721.03,REDACTED PERSONAL DATA
Norwich City Council,Building Rents,410040,Private Sector Leasing Scheme,A30000,26/01/2026,22010386,721.03,REDACTED PERSONAL DATA
Norwich City Council,Building Rents,410040,Private Sector Leasing Scheme,A30000,26/01/2026,22010307,722.89,REDACTED PERSONAL DATA
Norwich City Council,Building Rents,410040,Private Sector Leasing Scheme,A30000,26/01/2026,22010418,723.29,REDACTED PERSONAL DATA
Norwich City Council,Building Rents,410040,Private Sector Leasing Scheme,A30000,26/01/2026,22010356,730.71,REDACTED PERSONAL DATA
Norwich City Council,Building Rents,410040,Private Sector Leasing Scheme,A30000,26/01/2026,22010265,730.92,REDACTED PERSONAL DATA
Norwich City Council,Building Rents,410040,Private Sector Leasing Scheme,A30000,26/01/2026,22010463,734.63,REDACTED PERSONAL DATA
Norwich City Council,Building Rents,410040,Private Sector Leasing Scheme,A30000,26/01/2026,22010255,738.99,REDACTED PERSONAL DATA
Norwich City Council,Building Rents,410040,Private Sector Leasing Scheme,A30000,26/01/2026,22010263,738.99,REDACTED PERSONAL DATA
Norwich City Council,Building Rents,410040,Private Sector Leasing Scheme,A30000,26/01/2026,22010405,740.85,REDACTED PERSONAL DATA
Norwich City Council,Building Rents,410040,Private Sector Leasing Scheme,A30000,26/01/2026,22010387,741.11,REDACTED PERSONAL DATA
Norwich City Council,Building Rents,410040,Private Sector Leasing Scheme,A30000,26/01/2026,22010353,743.68,REDACTED PERSONAL DATA
Norwich City Council,Building Rents,410040,Private Sector Leasing Scheme,A30000,26/01/2026,22010266,745.66,REDACTED PERSONAL DATA
Norwich City Council,Building Rents,410040,Private Sector Leasing Scheme,A30000,26/01/2026,22010312,746.72,REDACTED PERSONAL DATA
Norwich City Council,Building Rents,410040,Private Sector Leasing Scheme,A30000,26/01/2026,22010284,746.79,REDACTED PERSONAL DATA
Norwich City Council,Building Rents,410040,Private Sector Leasing Scheme,A30000,26/01/2026,22010329,746.79,REDACTED PERSONAL DATA
Norwich City Council,Building Rents,410040,Private Sector Leasing Scheme,A30000,26/01/2026,22010357,746.79,REDACTED PERSONAL DATA
Norwich City Council,Building Rents,410040,Private Sector Leasing Scheme,A30000,26/01/2026,22010270,750,REDACTED PERSONAL DATA
Norwich City Council,Building Rents,410040,Private Sector Leasing Scheme,A30000,26/01/2026,22010441,752.07,REDACTED PERSONAL DATA
Norwich City Council,Building Rents,410040,Private Sector Leasing Scheme,A30000,26/01/2026,22010291,755.79,REDACTED PERSONAL DATA
Norwich City Council,Building Rents,410040,Private Sector Leasing Scheme,A30000,26/01/2026,22010429,757.73,REDACTED PERSONAL DATA
Norwich City Council,Building Rents,410040,Private Sector Leasing Scheme,A30000,26/01/2026,22010373,759.93,REDACTED PERSONAL DATA
Norwich City Council,Building Rents,410040,Private Sector Leasing Scheme,A30000,26/01/2026,22010272,760,REDACTED PERSONAL DATA
Norwich City Council,Building Rents,410040,Private Sector Leasing Scheme,A30000,26/01/2026,22010347,764.2,REDACTED PERSONAL DATA
Norwich City Council,Building Rents,410040,Private Sector Leasing Scheme,A30000,26/01/2026,22010256,768.13,REDACTED PERSONAL DATA
Norwich City Council,Building Rents,410040,Private Sector Leasing Scheme,A30000,26/01/2026,22010462,771.36,REDACTED PERSONAL DATA
Norwich City Council,Building Rents,410040,Private Sector Leasing Scheme,A30000,26/01/2026,22010432,772.53,REDACTED PERSONAL DATA
Norwich City Council,Building Rents,410040,Private Sector Leasing Scheme,A30000,26/01/2026,22010402,777.88,REDACTED PERSONAL DATA
Norwich City Council,Building Rents,410040,Private Sector Leasing Scheme,A30000,26/01/2026,22010403,777.88,REDACTED PERSONAL DATA
Norwich City Council,Building Rents,410040,Private Sector Leasing Scheme,A30000,26/01/2026,22010410,777.88,REDACTED PERSONAL DATA
Norwich City Council,Building Rents,410040,Private Sector Leasing Scheme,A30000,26/01/2026,22010411,777.88,REDACTED PERSONAL DATA
Norwich City Council,Building Rents,410040,Private Sector Leasing Scheme,A30000,26/01/2026,22010338,780.33,REDACTED PERSONAL DATA
Norwich City Council,Building Rents,410040,Private Sector Leasing Scheme,A30000,26/01/2026,22010319,780.4,REDACTED PERSONAL DATA
Norwich City Council,Building Rents,410040,Private Sector Leasing Scheme,A30000,26/01/2026,22010303,786.58,REDACTED PERSONAL DATA
Norwich City Council,Building Rents,410040,Private Sector Leasing Scheme,A30000,26/01/2026,22010323,787.21,REDACTED PERSONAL DATA
Norwich City Council,Building Rents,410040,Private Sector Leasing Scheme,A30000,26/01/2026,22010391,787.21,REDACTED PERSONAL DATA
Norwich City Council,Building Rents,410040,Private Sector Leasing Scheme,A30000,26/01/2026,22010394,787.21,REDACTED PERSONAL DATA
Norwich City Council,Building Rents,410040,Private Sector Leasing Scheme,A30000,26/01/2026,22010398,787.21,REDACTED PERSONAL DATA
Norwich City Council,Building Rents,410040,Private Sector Leasing Scheme,A30000,26/01/2026,22010395,790.64,REDACTED PERSONAL DATA
Norwich City Council,Building Rents,410040,Private Sector Leasing Scheme,A30000,26/01/2026,22010434,790.64,REDACTED PERSONAL DATA
Norwich City Council,Building Rents,410040,Private Sector Leasing Scheme,A30000,26/01/2026,22010325,795.85,REDACTED PERSONAL DATA
Norwich City Council,Building Rents,410040,Private Sector Leasing Scheme,A30000,26/01/2026,22010350,798.82,REDACTED PERSONAL DATA
Norwich City Council,Building Rents,410040,Private Sector Leasing Scheme,A30000,26/01/2026,22010482,798.82,REDACTED PERSONAL DATA
Norwich City Council,Building Rents,410040,Private Sector Leasing Scheme,A30000,26/01/2026,22010314,803.35,REDACTED PERSONAL DATA
Norwich City Council,Building Rents,410040,Private Sector Leasing Scheme,A30000,26/01/2026,22010318,803.35,REDACTED PERSONAL DATA
Norwich City Council,Building Rents,410040,Private Sector Leasing Scheme,A30000,26/01/2026,22010480,804.73,REDACTED PERSONAL DATA
Norwich City Council,Building Rents,410040,Private Sector Leasing Scheme,A30000,26/01/2026,22010288,809.93,REDACTED PERSONAL DATA
Norwich City Council,Building Rents,410040,Private Sector Leasing Scheme,A30000,26/01/2026,22010406,814.92,REDACTED PERSONAL DATA
Norwich City Council,Building Rents,410040,Private Sector Leasing Scheme,A30000,26/01/2026,22010385,817.78,REDACTED PERSONAL DATA
Norwich City Council,Building Rents,410040,Private Sector Leasing Scheme,A30000,26/01/2026,22010295,819.33,REDACTED PERSONAL DATA
Norwich City Council,Building Rents,410040,Private Sector Leasing Scheme,A30000,26/01/2026,22010399,826.46,REDACTED PERSONAL DATA
Norwich City Council,Building Rents,410040,Private Sector Leasing Scheme,A30000,26/01/2026,22010446,826.46,REDACTED PERSONAL DATA
Norwich City Council,Building Rents,410040,Private Sector Leasing Scheme,A30000,26/01/2026,22010455,826.46,REDACTED PERSONAL DATA
Norwich City Council,Building Rents,410040,Private Sector Leasing Scheme,A30000,26/01/2026,22010475,828.4,REDACTED PERSONAL DATA
Norwich City Council,Building Rents,410040,Private Sector Leasing Scheme,A30000,26/01/2026,22010477,828.4,REDACTED PERSONAL DATA
Norwich City Council,Building Rents,410040,Private Sector Leasing Scheme,A30000,26/01/2026,22010483,828.4,REDACTED PERSONAL DATA
Norwich City Council,Building Rents,410040,Private Sector Leasing Scheme,A30000,26/01/2026,22010340,829.09,REDACTED PERSONAL DATA
Norwich City Council,Building Rents,410040,Private Sector Leasing Scheme,A30000,26/01/2026,22010443,832.58,REDACTED PERSONAL DATA
Norwich City Council,Building Rents,410040,Private Sector Leasing Scheme,A30000,26/01/2026,22010433,835.63,REDACTED PERSONAL DATA
Norwich City Council,Building Rents,410040,Private Sector Leasing Scheme,A30000,26/01/2026,22010435,835.63,REDACTED PERSONAL DATA
Norwich City Council,Building Rents,410040,Private Sector Leasing Scheme,A30000,26/01/2026,22010440,835.63,REDACTED PERSONAL DATA
Norwich City Council,Building Rents,410040,Private Sector Leasing Scheme,A30000,26/01/2026,22010372,835.72,REDACTED PERSONAL DATA
Norwich City Council,Building Rents,410040,Private Sector Leasing Scheme,A30000,26/01/2026,22010358,836.82,REDACTED PERSONAL DATA
Norwich City Council,Building Rents,410040,Private Sector Leasing Scheme,A30000,26/01/2026,22010258,839.42,REDACTED PERSONAL DATA
Norwich City Council,Building Rents,410040,Private Sector Leasing Scheme,A30000,26/01/2026,22010309,841.6,REDACTED PERSONAL DATA
Norwich City Council,Building Rents,410040,Private Sector Leasing Scheme,A30000,26/01/2026,22010317,841.6,REDACTED PERSONAL DATA
Norwich City Council,Building Rents,410040,Private Sector Leasing Scheme,A30000,26/01/2026,22010341,846.36,REDACTED PERSONAL DATA
Norwich City Council,Building Rents,410040,Private Sector Leasing Scheme,A30000,26/01/2026,22010346,848.18,REDACTED PERSONAL DATA
Norwich City Council,Building Rents,410040,Private Sector Leasing Scheme,A30000,26/01/2026,22010292,852.26,REDACTED PERSONAL DATA
Norwich City Council,Building Rents,410040,Private Sector Leasing Scheme,A30000,26/01/2026,22010344,855.28,REDACTED PERSONAL DATA
Norwich City Council,Building Rents,410040,Private Sector Leasing Scheme,A30000,26/01/2026,22010424,861.05,REDACTED PERSONAL DATA
Norwich City Council,Building Rents,410040,Private Sector Leasing Scheme,A30000,26/01/2026,22010253,862.18,REDACTED PERSONAL DATA
Norwich City Council,Building Rents,410040,Private Sector Leasing Scheme,A30000,26/01/2026,22010262,862.34,REDACTED PERSONAL DATA
Norwich City Council,Building Rents,410040,Private Sector Leasing Scheme,A30000,26/01/2026,22010271,863.07,REDACTED PERSONAL DATA
Norwich City Council,Building Rents,410040,Private Sector Leasing Scheme,A30000,26/01/2026,22010275,863.66,REDACTED PERSONAL DATA
Norwich City Council,Building Rents,410040,Private Sector Leasing Scheme,A30000,26/01/2026,22010279,867.62,REDACTED PERSONAL DATA
Norwich City Council,Building Rents,410040,Private Sector Leasing Scheme,A30000,26/01/2026,22010306,874.2,REDACTED PERSONAL DATA
Norwich City Council,Building Rents,410040,Private Sector Leasing Scheme,A30000,26/01/2026,22010448,881.55,REDACTED PERSONAL DATA
Norwich City Council,Building Rents,410040,Private Sector Leasing Scheme,A30000,26/01/2026,22010407,881.61,REDACTED PERSONAL DATA
Norwich City Council,Building Rents,410040,Private Sector Leasing Scheme,A30000,26/01/2026,22010294,881.75,REDACTED PERSONAL DATA
Norwich City Council,Building Rents,410040,Private Sector Leasing Scheme,A30000,26/01/2026,22010285,882.53,REDACTED PERSONAL DATA
Norwich City Council,Building Rents,410040,Private Sector Leasing Scheme,A30000,26/01/2026,22010389,887.57,REDACTED PERSONAL DATA
Norwich City Council,Building Rents,410040,Private Sector Leasing Scheme,A30000,26/01/2026,22010485,887.57,REDACTED PERSONAL DATA
Norwich City Council,Building Rents,410040,Private Sector Leasing Scheme,A30000,26/01/2026,22010304,897.09,REDACTED PERSONAL DATA
Norwich City Council,Building Rents,410040,Private Sector Leasing Scheme,A30000,26/01/2026,22010328,899.51,REDACTED PERSONAL DATA
Norwich City Council,Building Rents,410040,Private Sector Leasing Scheme,A30000,26/01/2026,22010333,899.75,REDACTED PERSONAL DATA
Norwich City Council,Building Rents,410040,Private Sector Leasing Scheme,A30000,26/01/2026,22010299,901.27,REDACTED PERSONAL DATA
Norwich City Council,Building Rents,410040,Private Sector Leasing Scheme,A30000,26/01/2026,22010300,901.27,REDACTED PERSONAL DATA
Norwich City Council,Building Rents,410040,Private Sector Leasing Scheme,A30000,26/01/2026,22010364,901.27,REDACTED PERSONAL DATA
Norwich City Council,Building Rents,410040,Private Sector Leasing Scheme,A30000,26/01/2026,22010289,902.45,REDACTED PERSONAL DATA
Norwich City Council,Building Rents,410040,Private Sector Leasing Scheme,A30000,26/01/2026,22010370,905.43,REDACTED PERSONAL DATA
Norwich City Council,Building Rents,410040,Private Sector Leasing Scheme,A30000,26/01/2026,22010260,917.64,REDACTED PERSONAL DATA
Norwich City Council,Building Rents,410040,Private Sector Leasing Scheme,A30000,26/01/2026,22010361,917.64,REDACTED PERSONAL DATA
Norwich City Council,Building Rents,410040,Private Sector Leasing Scheme,A30000,26/01/2026,22010449,918.28,REDACTED PERSONAL DATA
Norwich City Council,Building Rents,410040,Private Sector Leasing Scheme,A30000,26/01/2026,22010246,923.78,REDACTED PERSONAL DATA
Norwich City Council,Building Rents,410040,Private Sector Leasing Scheme,A30000,26/01/2026,22010254,923.78,REDACTED PERSONAL DATA
Norwich City Council,Building Rents,410040,Private Sector Leasing Scheme,A30000,26/01/2026,22010330,923.78,REDACTED PERSONAL DATA
Norwich City Council,Building Rents,410040,Private Sector Leasing Scheme,A30000,26/01/2026,22010374,923.78,REDACTED PERSONAL DATA
Norwich City Council,Building Rents,410040,Private Sector Leasing Scheme,A30000,26/01/2026,22010404,926.05,REDACTED PERSONAL DATA
Norwich City Council,Building Rents,410040,Private Sector Leasing Scheme,A30000,26/01/2026,22010409,926.05,REDACTED PERSONAL DATA
Norwich City Council,Building Rents,410040,Private Sector Leasing Scheme,A30000,26/01/2026,22010427,929.94,REDACTED PERSONAL DATA
Norwich City Council,Building Rents,410040,Private Sector Leasing Scheme,A30000,26/01/2026,22010249,933.44,REDACTED PERSONAL DATA
Norwich City Council,Building Rents,410040,Private Sector Leasing Scheme,A30000,26/01/2026,22010281,933.44,REDACTED PERSONAL DATA
Norwich City Council,Building Rents,410040,Private Sector Leasing Scheme,A30000,26/01/2026,22010327,933.44,REDACTED PERSONAL DATA
Norwich City Council,Building Rents,410040,Private Sector Leasing Scheme,A30000,26/01/2026,22010378,933.44,REDACTED PERSONAL DATA
Norwich City Council,Building Rents,410040,Private Sector Leasing Scheme,A30000,26/01/2026,22010324,935.73,REDACTED PERSONAL DATA
Norwich City Council,Building Rents,410040,Private Sector Leasing Scheme,A30000,26/01/2026,22010392,937.16,REDACTED PERSONAL DATA
Norwich City Council,Building Rents,410040,Private Sector Leasing Scheme,A30000,26/01/2026,22010396,937.16,REDACTED PERSONAL DATA
Norwich City Council,Building Rents,410040,Private Sector Leasing Scheme,A30000,26/01/2026,22010397,937.16,REDACTED PERSONAL DATA
Norwich City Council,Building Rents,410040,Private Sector Leasing Scheme,A30000,26/01/2026,22010400,937.16,REDACTED PERSONAL DATA
Norwich City Council,Building Rents,410040,Private Sector Leasing Scheme,A30000,26/01/2026,22010315,941.08,REDACTED PERSONAL DATA
Norwich City Council,Building Rents,410040,Private Sector Leasing Scheme,A30000,26/01/2026,22010302,942.24,REDACTED PERSONAL DATA
Norwich City Council,Building Rents,410040,Private Sector Leasing Scheme,A30000,26/01/2026,22010442,946.75,REDACTED PERSONAL DATA
Norwich City Council,Building Rents,410040,Private Sector Leasing Scheme,A30000,26/01/2026,22010248,946.78,REDACTED PERSONAL DATA
Norwich City Council,Building Rents,410040,Private Sector Leasing Scheme,A30000,26/01/2026,22010366,948.57,REDACTED PERSONAL DATA
Norwich City Council,Building Rents,410040,Private Sector Leasing Scheme,A30000,26/01/2026,22010244,950.01,REDACTED PERSONAL DATA
Norwich City Council,Building Rents,410040,Private Sector Leasing Scheme,A30000,26/01/2026,22010250,950.01,REDACTED PERSONAL DATA
Norwich City Council,Building Rents,410040,Private Sector Leasing Scheme,A30000,26/01/2026,22010252,950.01,REDACTED PERSONAL DATA
Norwich City Council,Building Rents,410040,Private Sector Leasing Scheme,A30000,26/01/2026,22010331,950.01,REDACTED PERSONAL DATA
Norwich City Council,Building Rents,410040,Private Sector Leasing Scheme,A30000,26/01/2026,22010280,950.43,REDACTED PERSONAL DATA
Norwich City Council,Building Rents,410040,Private Sector Leasing Scheme,A30000,26/01/2026,22010352,950.44,REDACTED PERSONAL DATA
Norwich City Council,Building Rents,410040,Private Sector Leasing Scheme,A30000,26/01/2026,22010316,956.38,REDACTED PERSONAL DATA
Norwich City Council,Building Rents,410040,Private Sector Leasing Scheme,A30000,26/01/2026,22010247,957.35,REDACTED PERSONAL DATA
Norwich City Council,Building Rents,410040,Private Sector Leasing Scheme,A30000,26/01/2026,22010431,957.49,REDACTED PERSONAL DATA
Norwich City Council,Building Rents,410040,Private Sector Leasing Scheme,A30000,26/01/2026,22010251,958.18,REDACTED PERSONAL DATA
Norwich City Council,Building Rents,410040,Private Sector Leasing Scheme,A30000,26/01/2026,22010375,962.19,REDACTED PERSONAL DATA
Norwich City Council,Building Rents,410040,Private Sector Leasing Scheme,A30000,26/01/2026,22010421,964.38,REDACTED COMMERCIAL CONFIDENTIALITY
Norwich City Council,Building Rents,410040,Private Sector Leasing Scheme,A30000,26/01/2026,22010426,964.38,REDACTED PERSONAL DATA
Norwich City Council,Building Rents,410040,Private Sector Leasing Scheme,A30000,26/01/2026,22010388,974.64,REDACTED PERSONAL DATA
Norwich City Council,Building Rents,410040,Private Sector Leasing Scheme,A30000,26/01/2026,22010259,975.42,REDACTED PERSONAL DATA
Norwich City Council,Building Rents,410040,Private Sector Leasing Scheme,A30000,26/01/2026,22010447,979.5,REDACTED PERSONAL DATA
Norwich City Council,Building Rents,410040,Private Sector Leasing Scheme,A30000,26/01/2026,22010451,979.5,REDACTED PERSONAL DATA
Norwich City Council,Building Rents,410040,Private Sector Leasing Scheme,A30000,26/01/2026,22010452,979.5,REDACTED PERSONAL DATA
Norwich City Council,Building Rents,410040,Private Sector Leasing Scheme,A30000,26/01/2026,22010311,982.25,REDACTED PERSONAL DATA
Norwich City Council,Building Rents,410040,Private Sector Leasing Scheme,A30000,26/01/2026,22010487,"1,000.00",REDACTED PERSONAL DATA
Norwich City Council,Building Rents,410040,Private Sector Leasing Scheme,A30000,26/01/2026,22010478,"1,005.92",REDACTED PERSONAL DATA
Norwich City Council,Building Rents,410040,Private Sector Leasing Scheme,A30000,26/01/2026,22010377,"1,007.75",REDACTED PERSONAL DATA
Norwich City Council,Building Rents,410040,Private Sector Leasing Scheme,A30000,26/01/2026,22010417,"1,033.27",REDACTED PERSONAL DATA
Norwich City Council,Building Rents,410040,Private Sector Leasing Scheme,A30000,26/01/2026,22010473,"1,035.50",REDACTED PERSONAL DATA
Norwich City Council,Building Rents,410040,Private Sector Leasing Scheme,A30000,26/01/2026,22010444,"1,040.72",REDACTED COMMERCIAL CONFIDENTIALITY
Norwich City Council,Building Rents,410040,Private Sector Leasing Scheme,A30000,26/01/2026,22010322,"1,042.11",REDACTED PERSONAL DATA
Norwich City Council,Building Rents,410040,Private Sector Leasing Scheme,A30000,26/01/2026,22010416,"1,047.04",REDACTED PERSONAL DATA
Norwich City Council,Building Rents,410040,Private Sector Leasing Scheme,A30000,26/01/2026,22010308,"1,071.15",REDACTED PERSONAL DATA
Norwich City Council,Building Rents,410040,Private Sector Leasing Scheme,A30000,26/01/2026,22010310,"1,071.15",REDACTED PERSONAL DATA
Norwich City Council,Building Rents,410040,Private Sector Leasing Scheme,A30000,26/01/2026,22010408,"1,074.22",REDACTED PERSONAL DATA
Norwich City Council,Building Rents,410040,Private Sector Leasing Scheme,A30000,26/01/2026,22010413,"1,111.27",REDACTED PERSONAL DATA
Norwich City Council,Building Rents,410040,Private Sector Leasing Scheme,A30000,26/01/2026,22010476,"1,124.26",REDACTED PERSONAL DATA
Norwich City Council,Building Rents,410040,Private Sector Leasing Scheme,A30000,26/01/2026,22010419,"1,136.59",REDACTED PERSONAL DATA
Norwich City Council,Building Rents,410040,Private Sector Leasing Scheme,A30000,26/01/2026,22010428,"1,136.59",REDACTED PERSONAL DATA
Norwich City Council,Building Rents,410040,Private Sector Leasing Scheme,A30000,26/01/2026,22010354,"1,140.36",REDACTED PERSONAL DATA
Norwich City Council,Building Rents,410040,Private Sector Leasing Scheme,A30000,26/01/2026,22010487,"1,330.41",REDACTED COMMERCIAL CONFIDENTIALITY
Norwich City Council,Building Rents,410040,Private Sector Leasing Scheme,A30000,26/01/2026,22010464,"1,656.80",REDACTED COMMERCIAL CONFIDENTIALITY
Norwich City Council,Building Rents,410040,Private Sector Leasing Scheme,A30000,26/01/2026,22010445,"1,714.13",REDACTED COMMERCIAL CONFIDENTIALITY
Norwich City Council,Building Rents,410040,Private Sector Leasing Scheme,A30000,26/01/2026,22010486,"1,775.15",REDACTED PERSONAL DATA
Norwich City Council,Building Rents,410040,Private Sector Leasing Scheme,A30000,26/01/2026,22010466,"1,893.49",REDACTED PERSONAL DATA
Norwich City Council,Building Rents,410040,Private Sector Leasing Scheme,A30000,26/01/2026,22010467,"1,893.49",REDACTED PERSONAL DATA
Norwich City Council,Building Rents,410040,Private Sector Leasing Scheme,A30000,26/01/2026,22010468,"1,893.49",REDACTED PERSONAL DATA
Norwich City Council,Building Rents,410040,Private Sector Leasing Scheme,A30000,26/01/2026,22010470,"1,893.49",REDACTED COMMERCIAL CONFIDENTIALITY
Norwich City Council,Building Rents,410040,Private Sector Leasing Scheme,A30000,26/01/2026,22010471,"1,958.58",REDACTED COMMERCIAL CONFIDENTIALITY
Norwich City Council,Building Rents,410040,Private Sector Leasing Scheme,A30000,26/01/2026,22010461,"1,959.01",REDACTED PERSONAL DATA
Norwich City Council,Building Rents,410040,Private Sector Leasing Scheme,A30000,26/01/2026,22010481,"2,071.01",REDACTED PERSONAL DATA
Norwich City Council,Building Rents,410040,Private Sector Leasing Scheme,A30000,26/01/2026,22010484,"2,130.18",REDACTED PERSONAL DATA
Norwich City Council,Building Rents,410040,Private Sector Leasing Scheme,A30000,26/01/2026,22010450,"2,448.76",REDACTED COMMERCIAL CONFIDENTIALITY
Norwich City Council,Building Rents,410040,Private Sector Leasing Scheme,A30000,26/01/2026,22010456,"2,448.76",REDACTED PERSONAL DATA
Norwich City Council,Building Rents,410040,Private Sector Leasing Scheme,A30000,26/01/2026,22010458,"2,448.76",REDACTED PERSONAL DATA
Norwich City Council,Building Rents,410040,Private Sector Leasing Scheme,A30000,26/01/2026,22010459,"2,448.76",REDACTED PERSONAL DATA
Norwich City Council,Building Rents,410040,Private Sector Leasing Scheme,A30000,26/01/2026,22010454,"2,571.20",REDACTED PERSONAL DATA
Norwich City Council,Building Rents,410040,Private Sector Leasing Scheme,A30000,26/01/2026,22010457,"2,632.41",REDACTED PERSONAL DATA
Norwich City Council,Building Rents,410040,Private Sector Leasing Scheme,A30000,26/01/2026,22010460,"3,183.38",REDACTED PERSONAL DATA
Norwich City Council,Building Rents,410040,Private Sector Leasing Scheme,A30000,26/01/2026,22010453,"3,611.92",REDACTED PERSONAL DATA
Norwich City Council,Disabled Adaptations,X95010,Housing & Community Safety HRA Capital,C11900,26/01/2026,21044173,"6,141.28",REDACTED COMMERCIAL CONFIDENTIALITY
Norwich City Council,Exp on Grants,X90010,Housing & Community Safety GF Capital,C12500,26/01/2026,21044219,901.92,NORWICH CITY SERVICES LTD
Norwich City Council,Exp on Grants,X90010,Housing & Community Safety GF Capital,C12500,26/01/2026,21044219,"3,702.47",NORWICH CITY SERVICES LTD
Norwich City Council,Exp on Grants,X90010,Housing & Community Safety GF Capital,C12500,26/01/2026,21044222,"5,288.77",NORWICH CITY SERVICES LTD
Norwich City Council,General Repairs,730020,HRA Repairs,A23000,26/01/2026,21044264,"25,166.67",NORWICH CITY SERVICES LTD
Norwich City Council,General Repairs & Mtce,410040,Private Sector Leasing Scheme,A20300,26/01/2026,22010343,627.96,REDACTED PERSONAL DATA
Norwich City Council,General Repairs & Mtce,410040,Private Sector Leasing Scheme,A20300,26/01/2026,22010401,777.88,REDACTED PERSONAL DATA
Norwich City Council,General Repairs & Mtce,410045,Syrian Refugee Programme,A20300,26/01/2026,21044368,855,HYSPEK PROPERTY MAINTENANCE LTD
Norwich City Council,Heating Oil,721040,District Heating,A26900,26/01/2026,21044086,"2,812.29",RIX PETROLEUM LTD
Norwich City Council,Homelessness,410030,Homelessness,A40200,26/01/2026,21044679,"2,400.00",REDACTED COMMERCIAL CONFIDENTIALITY
Norwich City Council,Homelessness,410030,Homelessness,A40200,26/01/2026,21044683,"2,400.00",REDACTED COMMERCIAL CONFIDENTIALITY
Norwich City Council,IT Services - Contract Charge,321026,IT Applications,A50400,26/01/2026,21043985,"7,997.00",NEC SOFTWARE SOLUTIONS UK LTD
Norwich City Council,IT Services - Development Fund,321026,IT Applications,A50600,26/01/2026,21044093,"23,750.00",NEC SOFTWARE SOLUTIONS UK LTD
Norwich City Council,Major & Minor Repairs,730020,HRA Repairs,A23400,26/01/2026,21044266,"1,094.34",NORWICH CITY SERVICES LTD
Norwich City Council,Major & Minor Repairs,730020,HRA Repairs,A23400,26/01/2026,21044265,"34,798.63",NORWICH CITY SERVICES LTD
Norwich City Council,Other Equipment Mtce,290000,City Hall,A24150,26/01/2026,21044014,690,Swallow Evacuation & Mobility Products Ltd T/A Evaccaess
Norwich City Council,Other Hired & Contracting Services,431080,Integrated Waste Management,A51200,26/01/2026,21043997,"1,565.65",TMA BARK SUPPLIES LIMITED
Norwich City Council,Postages,550040,Customer Support Team,A40800,26/01/2026,21044100,"1,543.29",ROYAL MAIL GROUP PLC
Norwich City Council,Professional Advice/Fees,620046,East Norwich Programme Mngmnt,A51300,26/01/2026,21044506,"18,000.00",BURO HAPPOLD LIMITED
Norwich City Council,Projects,410135,Interact Team,A49300,26/01/2026,21043982,"10,986.50",THE COLLABORATE I CIC
Norwich City Council,Purchase of Equipment,421040,Fringe Project,A42700,26/01/2026,21044218,"3,056.25",K RACKHAM & SON ENGINEERING LTD
Norwich City Council,Short Term - Accrued Income,999999,GF Balance Sheet,B11600,26/01/2026,21044220,"10,459.23",NORWICH CITY SERVICES LTD
Norwich City Council,Short Term - Accrued Income,999999,GF Balance Sheet,B11600,26/01/2026,21044220,"11,971.47",NORWICH CITY SERVICES LTD
Norwich City Council,Short Term - Accrued Income,999999,GF Balance Sheet,B11600,26/01/2026,21044220,"43,216.23",NORWICH CITY SERVICES LTD
Norwich City Council,Staff Training Expenses,530050,Learning & Development,A10800,26/01/2026,21043999,"1,190.00",MAYBO LTD
Norwich City Council,Water Hygiene upgrades,X95010,Housing & Community Safety HRA Capital,C11860,26/01/2026,21044269,611,IMPACT RENEWABLES LTD
Norwich City Council,Agency Supply Staff,710250,Housing Delivery,A11300,27/01/2026,21044085,"2,700.00",REDACTED COMMERCIAL CONFIDENTIALITY
Norwich City Council,Day to Day Repairs,290000,City Hall,A25800,27/01/2026,21044096,758.75,N D WILLAN BUILDING CONTRACTORS LTD
Norwich City Council,Day to Day Repairs,290000,City Hall,A25800,27/01/2026,21044094,"4,458.00",N D WILLAN BUILDING CONTRACTORS LTD
Norwich City Council,Decoration Allowances,710230,Void Dwelling Management,A47100,27/01/2026,21044104,560,REDACTED PERSONAL DATA
Norwich City Council,Decoration Allowances,710230,Void Dwelling Management,A47100,27/01/2026,21044108,560,REDACTED PERSONAL DATA
Norwich City Council,Electricity,190001,Anglia Square - Development,A27000,27/01/2026,22010580,"1,081.94",EDF ENERGY CUSTOMERS PLC
Norwich City Council,Electricity,190001,Anglia Square - Development,A27000,27/01/2026,22010577,"1,886.18",EDF ENERGY CUSTOMERS PLC
Norwich City Council,Electricity,190001,Anglia Square - Development,A27000,27/01/2026,22010574,"1,897.26",EDF ENERGY CUSTOMERS PLC
Norwich City Council,Electricity,190001,Anglia Square - Development,A27000,27/01/2026,22010573,"1,990.48",EDF ENERGY CUSTOMERS PLC
Norwich City Council,Electricity,190001,Anglia Square - Development,A27000,27/01/2026,22010579,"1,995.95",EDF ENERGY CUSTOMERS PLC
Norwich City Council,Electricity,190001,Anglia Square - Development,A27000,27/01/2026,22010571,"2,089.51",EDF ENERGY CUSTOMERS PLC
Norwich City Council,Gas,190001,Anglia Square - Development,A27200,27/01/2026,22010558,515.4,EON NEXT ENERGY LIMITED
Norwich City Council,Gas,190001,Anglia Square - Development,A27200,27/01/2026,22010557,532.58,EON NEXT ENERGY LIMITED
Norwich City Council,Gas,190001,Anglia Square - Development,A27200,27/01/2026,22010559,532.58,EON NEXT ENERGY LIMITED
Norwich City Council,Gas,190001,Anglia Square - Development,A27200,27/01/2026,22010581,800.41,EDF ENERGY CUSTOMERS PLC
Norwich City Council,Gas,190001,Anglia Square - Development,A27200,27/01/2026,22010570,969.93,EDF ENERGY CUSTOMERS PLC
Norwich City Council,Gas,190001,Anglia Square - Development,A27200,27/01/2026,22010576,"1,854.38",EDF ENERGY CUSTOMERS PLC
Norwich City Council,Gas,190001,Anglia Square - Development,A27200,27/01/2026,22010572,"1,855.99",EDF ENERGY CUSTOMERS PLC
Norwich City Council,Gas,190001,Anglia Square - Development,A27200,27/01/2026,22010575,"1,921.94",EDF ENERGY CUSTOMERS PLC
Norwich City Council,Gas,190001,Anglia Square - Development,A27200,27/01/2026,22010578,"2,049.63",EDF ENERGY CUSTOMERS PLC
Norwich City Council,Gas Cent Heating Repairs C Wks,730020,HRA Repairs,A23600,27/01/2026,21044419,"2,101.98",GASWAY SERVICES LTD
Norwich City Council,Professional Advice/Fees,220000,Investment Properties,A51300,27/01/2026,21044868,"3,500.00",CARTER JONAS LLP
Norwich City Council,Projects,420070,Financial Inclusion,A49300,27/01/2026,21044493,565,LIVING WAGE FOUNDATION
Norwich City Council,Publicity Materials,431080,Integrated Waste Management,A41700,27/01/2026,21044664,"1,528.00",THE PRINT CO (WEST) LIMITED
Norwich City Council,Publicity Materials,431080,Integrated Waste Management,A41700,27/01/2026,21044118,"2,095.00",KEEP BRITAIN TIDY
Norwich City Council,Sheltered Hsg Comm Facs,X95010,Housing & Community Safety HRA Capital,C11500,27/01/2026,21044423,"45,150.43",BELL GROUP LIMITED
Norwich City Council,Short Term - Housing Rent Debtors,999999,GF Balance Sheet,B12600,27/01/2026,22010490,695.59,REDACTED PERSONAL DATA
Norwich City Council,Short Term - Housing Rent Debtors,999999,GF Balance Sheet,B12600,27/01/2026,22010495,"1,123.00",REDACTED PERSONAL DATA
Norwich City Council,Void Repairs,730080,HRA Repairs - Void Properties,A23100,27/01/2026,21044272,"14,921.76",BELL GROUP LIMITED
Norwich City Council,Whole House Improvements,X95010,Housing & Community Safety HRA Capital,C10300,27/01/2026,21044271,869.19,BELL GROUP LIMITED
Norwich City Council,Agency Supply Staff,550010,Customer Contact Team,A11300,28/01/2026,21044256,767.01,REDACTED COMMERCIAL CONFIDENTIALITY
Norwich City Council,Agency Supply Staff,550010,Customer Contact Team,A11300,28/01/2026,21044257,767.01,REDACTED COMMERCIAL CONFIDENTIALITY
Norwich City Council,Agency Supply Staff,550010,Customer Contact Team,A11300,28/01/2026,21044259,767.01,REDACTED COMMERCIAL CONFIDENTIALITY
Norwich City Council,Exterior Painting,730020,HRA Repairs,A26000,28/01/2026,21044273,"124,049.37",BELL GROUP LIMITED
Norwich City Council,IT Services - Contract Charge,321026,IT Applications,A50400,28/01/2026,21044281,"4,483.23",NEC SOFTWARE SOLUTIONS UK LTD
Norwich City Council,IT Services - Contract Charge,321026,IT Applications,A50400,28/01/2026,21044280,"88,112.73",NEC SOFTWARE SOLUTIONS UK LTD
Norwich City Council,Major & Minor Repairs,730020,HRA Repairs,A23400,28/01/2026,21044745,"2,180.86",GASWAY SERVICES LTD
Norwich City Council,New Constructn/Convrsn/Renovtn,X90080,Property & Economic Development GF Capital,C10100,28/01/2026,21045005,643.08,WORKMAN LLP - CENTRAL RECEIPTS NO 4
Norwich City Council,New Constructn/Convrsn/Renovtn,X90080,Property & Economic Development GF Capital,C10100,28/01/2026,21044239,"1,725.00",FEILDEN AND MAWSON LLP
Norwich City Council,New Constructn/Convrsn/Renovtn,X90080,Property & Economic Development GF Capital,C10100,28/01/2026,21044160,"5,983.25",TRUETECH INTEGRATED LTD
Norwich City Council,New Constructn/Convrsn/Renovtn,X90050,Environment Services GF Capital,C10100,28/01/2026,21044215,"62,800.00",BETONGPARK LIMITED
Norwich City Council,New Constructn/Convrsn/Renovtn,X90080,Property & Economic Development GF Capital,C10100,28/01/2026,21044211,"76,216.32",ZENITH CONTRACT SERVICES LIMITED
Norwich City Council,Other Hired & Contracting Services,522050,Environmental Protection,A51200,28/01/2026,21044274,618.75,CG DESIGN
Norwich City Council,Street Ltng Mtce Bulk Work,645030,Public Area Lighting,A20900,28/01/2026,21044260,"1,607.10",EDMUNDSON ELECTRICAL LIMITED
Norwich City Council,Void Repairs,730080,HRA Repairs - Void Properties,A23100,28/01/2026,21044647,514.27,GASWAY SERVICES LTD
Norwich City Council,Void Repairs,730080,HRA Repairs - Void Properties,A23100,28/01/2026,21044648,"1,420.76",GASWAY SERVICES LTD
Norwich City Council,Whole House Improvements,X95010,Housing & Community Safety HRA Capital,C10300,28/01/2026,21044710,"1,305.21",GASWAY SERVICES LTD
Norwich City Council,Whole House Improvements,X95010,Housing & Community Safety HRA Capital,C10300,28/01/2026,21044710,"21,456.60",GASWAY SERVICES LTD
Norwich City Council,Building Rents,410040,Private Sector Leasing Scheme,A30000,29/01/2026,22010585,503.91,REDACTED PERSONAL DATA
Norwich City Council,Building Rents,410040,Private Sector Leasing Scheme,A30000,29/01/2026,22010584,621.3,REDACTED PERSONAL DATA
Norwich City Council,Building Rents,410040,Private Sector Leasing Scheme,A30000,29/01/2026,22010583,916.21,REDACTED PERSONAL DATA
Norwich City Council,Building Rents,410040,Private Sector Leasing Scheme,A30000,29/01/2026,22010583,946.75,REDACTED PERSONAL DATA
Norwich City Council,Building Rents,410040,Private Sector Leasing Scheme,A30000,29/01/2026,22010585,"1,420.12",REDACTED PERSONAL DATA
Norwich City Council,Fees & Charges Misc Other,410040,Private Sector Leasing Scheme,A90300,29/01/2026,22010584,601.26,REDACTED PERSONAL DATA
Norwich City Council,Fire Prevention Works,220000,Investment Properties,A24800,29/01/2026,21044841,"33,900.56",BORDER PROJECTS LIMITED
Norwich City Council,General Repairs & Mtce,410045,Syrian Refugee Programme,A20300,29/01/2026,21044767,"2,733.60",ALEC MOTT T/A NOBBY'S SITE SERVICES
Norwich City Council,General Repairs & Mtce,410045,Syrian Refugee Programme,A20300,29/01/2026,21044484,"3,706.54",ALEC MOTT T/A NOBBY'S SITE SERVICES
Norwich City Council,General Repairs & Mtce,410045,Syrian Refugee Programme,A20300,29/01/2026,21044765,"4,348.89",ALEC MOTT T/A NOBBY'S SITE SERVICES
Norwich City Council,New Constructn/Convrsn/Renovtn,X90080,Property & Economic Development GF Capital,C10100,29/01/2026,21044406,"4,205.00",NORFOLK & SUFFOLK ROLLER SHUTTER DOORS LTD
Norwich City Council,New Constructn/Convrsn/Renovtn,X95080,Environment Services HRA Capital,C10100,29/01/2026,21044373,"6,900.00",RED MASON CREATIVE DESIGN
Norwich City Council,Professional Advice/Fees,110000,Livestock Markets - Group,A51300,29/01/2026,21044786,"5,833.34",OXBURY & COMPANY
Norwich City Council,Windows,X95010,Housing & Community Safety HRA Capital,C11000,29/01/2026,21044375,"189,092.70",A & B GLASS COMPANY LTD T/A ASSET FINELINE
Norwich City Council,Agency Supply Staff,515030,Operational Finance,A11300,30/01/2026,21044535,977.93,REDACTED COMMERCIAL CONFIDENTIALITY
Norwich City Council,Agency Supply Staff,620046,East Norwich Programme Mngmnt,A11300,30/01/2026,21044528,"6,900.00",REDACTED COMMERCIAL CONFIDENTIALITY
Norwich City Council,Environmental Improvements,710120,Neighbourhood Services,A23700,30/01/2026,21044486,520.84,NORWICH CITY SERVICES LTD
Norwich City Council,Fire Prevention Works,730020,HRA Repairs,A24800,30/01/2026,21044885,"7,576.16",BELL GROUP LIMITED
Norwich City Council,Insurance - Premiums,220000,Investment Properties,A29600,30/01/2026,21045013,"3,176.07",ARTHUR J GALLAGHER INSURANCE BROKERS LTD
Norwich City Council,Members development costs,520010,Members Expenses,A10850,30/01/2026,21044479,850,FIFIELD TRAINING LTD
Norwich City Council,New Constructn/Convrsn/Renovtn,X90080,Property & Economic Development GF Capital,C10100,30/01/2026,21044587,"3,740.00",KINGS & DUNNE ARCHITECTS LTD
Norwich City Council,New Constructn/Convrsn/Renovtn,X90070,Planning & Regulatory Services GF Capital,C10100,30/01/2026,21044559,"20,468.13",AGA GROUP ENVIRO-FIX LTD
Norwich City Council,New Constructn/Convrsn/Renovtn,X90080,Property & Economic Development GF Capital,C10100,30/01/2026,21044478,"27,570.00",MARK FITZSIMMONS ASSOCIATES LIMITED
Norwich City Council,New Constructn/Convrsn/Renovtn,X90070,Planning & Regulatory Services GF Capital,C10100,30/01/2026,21044559,"69,217.95",AGA GROUP ENVIRO-FIX LTD
Norwich City Council,Other Hired & Contracting Services,431080,Integrated Waste Management,A51200,30/01/2026,21044543,"1,427.28",TMA BARK SUPPLIES LIMITED
Norwich City Council,Other Hired & Contracting Services,160000,Open Spaces,A51200,30/01/2026,21044481,"1,516.67",NORWICH CITY SERVICES LTD
Norwich City Council,Other Hired & Contracting Services,160000,Open Spaces,A51200,30/01/2026,21044483,"3,508.33",NORWICH CITY SERVICES LTD
Norwich City Council,Other Hired & Contracting Services,160000,Open Spaces,A51200,30/01/2026,21044480,"3,848.00",NORWICH CITY SERVICES LTD
Norwich City Council,Professional Advice/Fees,530020,Personnel Services,A51300,30/01/2026,21044525,"1,750.00",PENNA PLC
Norwich City Council,Professional Advice/Fees,530020,Personnel Services,A51300,30/01/2026,21044524,"2,625.00",PENNA PLC
Norwich City Council,Stairlift repair/servicing,730020,HRA Repairs,A20600,30/01/2026,21045038,"1,481.25",STANNAH LIFTS LTD
Norwich City Council,Subscriptions (non staff),160000,Open Spaces,A45700,30/01/2026,21044670,524,KEEP BRITAIN TIDY
Norwich City Council,Vehicles/Plant Eqpmt/Machinery,X90050,Environment Services GF Capital,C12300,30/01/2026,21044465,"31,437.97",SPLASH PADS ENTERPRISES LIMITED T/A THE SPLASH
Norwich City Council,Fees - Translations,550010,Customer Contact Team,A48700,31/01/2026,21044511,"1,581.29",TRANSLATE PLUS LIMITED
Norwich City Council,Handyperson,410130,Housing Improvement Agency Team,A25850,31/01/2026,21045138,"1,624.50",NORSE EASTERN LTD
Norwich City Council,New Constructn/Convrsn/Renovtn,X90080,Property & Economic Development GF Capital,C10100,31/01/2026,21044840,"2,021.00",COOKS BLINDS AND SHUTTERS LTD
Norwich City Council,New Constructn/Convrsn/Renovtn,X90080,Property & Economic Development GF Capital,C10100,31/01/2026,21044783,"3,850.00",GREYFRIARS COST MANAGEMENT LIMITED
Norwich City Council,New Constructn/Convrsn/Renovtn,X95060,Housing Delivery HRA Capital,C10100,31/01/2026,21044898,"5,750.00",RICHARD UTTING ASSOCIATES LLP
Norwich City Council,New Constructn/Convrsn/Renovtn,X95060,Housing Delivery HRA Capital,C10100,31/01/2026,21044897,"5,975.00",RICHARD UTTING ASSOCIATES LLP
Norwich City Council,Other Hired & Contracting Services,431080,Integrated Waste Management,A51200,31/01/2026,21044549,"93,489.50",NORSE ENVIRONMENTAL WASTE SERVICES LTD
Norwich City Council,Postages,550040,Customer Support Team,A40800,31/01/2026,21044619,"2,467.35",ADARE SEC LIMITED
Norwich City Council,Postages,550040,Customer Support Team,A40800,31/01/2026,21044623,"4,797.88",ADARE SEC LIMITED
Norwich City Council,Postages,550040,Customer Support Team,A40800,31/01/2026,21044621,"14,724.19",ADARE SEC LIMITED
Norwich City Council,Professional Advice/Fees,110000,Livestock Markets - Group,A51300,31/01/2026,21044632,"3,650.00",BIDWELLS
Norwich City Council,Professional Advice/Fees,110000,Livestock Markets - Group,A51300,31/01/2026,21044442,"10,500.00",CHAPLIN FARRANT LTD
Norwich City Council,Professional Advice/Fees,100000,Markets,A51300,31/01/2026,21044774,"24,133.50",INNER CIRCLE CONSULTING LIMITED
Norwich City Council,Professional Advice/Fees,100000,Markets,A51300,31/01/2026,21044775,"30,050.00",INNER CIRCLE CONSULTING LIMITED
Norwich City Council,Projects,410135,Interact Team,A49300,31/01/2026,21044908,"4,539.68",NORFOLK CITIZENS ADVICE BUREAU
Norwich City Council,Promotions and Events,315010,Civic Expenses,A40700,31/01/2026,21044561,645,DISCREET SECURITY LIMITED
Norwich City Council,Staff Training Expenses,644010,On & Off Street Enforcement,A10800,31/01/2026,21044545,"1,590.00",MAYBO LTD
Norwich City Council,Taxi Contract,540010,Procurement Team,A31300,31/01/2026,21044662,994.62,ABC TAXIS (EA) LTD T/A VEEZU
Norwich City Council,Trade Waste,100000,Markets,A28100,31/01/2026,21044776,"4,166.10",M W WHITE LTD
